//! The single byte codecs a source encoding declaration can name.
//!
//! Generated by `tools/gen-charmap.py` from CPython 3.14.7. Do not edit.
//!
//! A charmap codec is 256 code points and no rules, so it is a table. There
//! are 72 of them, which is most of what PEP 263 can name and all of
//! what any real file names. The multi byte codecs, which are the CJK ones and
//! the stateful ISO 2022 family, are not here and are refused by name.

/// One byte codec: what each of the 256 byte values means.
#[derive(Debug)]
pub struct Charmap {
    /// The module name in CPython's `encodings` package, underscores and all.
    pub name: &'static str,
    /// `UNDEFINED` where the byte has no meaning and decoding fails.
    pub table: &'static [u16; 256],
    /// Whether bytes 0x00 to 0x7F stand for themselves.
    ///
    /// True for all but the EBCDIC codecs, and what lets a file of plain ASCII
    /// skip the table and the reallocation both.
    pub ascii: bool,
}

/// The byte has no meaning in this codec.
///
/// U+FFFF is a noncharacter and no codec maps to it, which is what makes it
/// usable as the hole in a `u16` table. The generator checks that.
pub const UNDEFINED: u16 = 0xFFFF;

static ASCII: [u16; 256] = [
    0x0000, 0x0001, 0x0002, 0x0003, 0x0004, 0x0005, 0x0006, 0x0007, 0x0008, 0x0009, 0x000A, 0x000B,
    0x000C, 0x000D, 0x000E, 0x000F, 0x0010, 0x0011, 0x0012, 0x0013, 0x0014, 0x0015, 0x0016, 0x0017,
    0x0018, 0x0019, 0x001A, 0x001B, 0x001C, 0x001D, 0x001E, 0x001F, 0x0020, 0x0021, 0x0022, 0x0023,
    0x0024, 0x0025, 0x0026, 0x0027, 0x0028, 0x0029, 0x002A, 0x002B, 0x002C, 0x002D, 0x002E, 0x002F,
    0x0030, 0x0031, 0x0032, 0x0033, 0x0034, 0x0035, 0x0036, 0x0037, 0x0038, 0x0039, 0x003A, 0x003B,
    0x003C, 0x003D, 0x003E, 0x003F, 0x0040, 0x0041, 0x0042, 0x0043, 0x0044, 0x0045, 0x0046, 0x0047,
    0x0048, 0x0049, 0x004A, 0x004B, 0x004C, 0x004D, 0x004E, 0x004F, 0x0050, 0x0051, 0x0052, 0x0053,
    0x0054, 0x0055, 0x0056, 0x0057, 0x0058, 0x0059, 0x005A, 0x005B, 0x005C, 0x005D, 0x005E, 0x005F,
    0x0060, 0x0061, 0x0062, 0x0063, 0x0064, 0x0065, 0x0066, 0x0067, 0x0068, 0x0069, 0x006A, 0x006B,
    0x006C, 0x006D, 0x006E, 0x006F, 0x0070, 0x0071, 0x0072, 0x0073, 0x0074, 0x0075, 0x0076, 0x0077,
    0x0078, 0x0079, 0x007A, 0x007B, 0x007C, 0x007D, 0x007E, 0x007F, 0xFFFF, 0xFFFF, 0xFFFF, 0xFFFF,
    0xFFFF, 0xFFFF, 0xFFFF, 0xFFFF, 0xFFFF, 0xFFFF, 0xFFFF, 0xFFFF, 0xFFFF, 0xFFFF, 0xFFFF, 0xFFFF,
    0xFFFF, 0xFFFF, 0xFFFF, 0xFFFF, 0xFFFF, 0xFFFF, 0xFFFF, 0xFFFF, 0xFFFF, 0xFFFF, 0xFFFF, 0xFFFF,
    0xFFFF, 0xFFFF, 0xFFFF, 0xFFFF, 0xFFFF, 0xFFFF, 0xFFFF, 0xFFFF, 0xFFFF, 0xFFFF, 0xFFFF, 0xFFFF,
    0xFFFF, 0xFFFF, 0xFFFF, 0xFFFF, 0xFFFF, 0xFFFF, 0xFFFF, 0xFFFF, 0xFFFF, 0xFFFF, 0xFFFF, 0xFFFF,
    0xFFFF, 0xFFFF, 0xFFFF, 0xFFFF, 0xFFFF, 0xFFFF, 0xFFFF, 0xFFFF, 0xFFFF, 0xFFFF, 0xFFFF, 0xFFFF,
    0xFFFF, 0xFFFF, 0xFFFF, 0xFFFF, 0xFFFF, 0xFFFF, 0xFFFF, 0xFFFF, 0xFFFF, 0xFFFF, 0xFFFF, 0xFFFF,
    0xFFFF, 0xFFFF, 0xFFFF, 0xFFFF, 0xFFFF, 0xFFFF, 0xFFFF, 0xFFFF, 0xFFFF, 0xFFFF, 0xFFFF, 0xFFFF,
    0xFFFF, 0xFFFF, 0xFFFF, 0xFFFF, 0xFFFF, 0xFFFF, 0xFFFF, 0xFFFF, 0xFFFF, 0xFFFF, 0xFFFF, 0xFFFF,
    0xFFFF, 0xFFFF, 0xFFFF, 0xFFFF, 0xFFFF, 0xFFFF, 0xFFFF, 0xFFFF, 0xFFFF, 0xFFFF, 0xFFFF, 0xFFFF,
    0xFFFF, 0xFFFF, 0xFFFF, 0xFFFF, 0xFFFF, 0xFFFF, 0xFFFF, 0xFFFF, 0xFFFF, 0xFFFF, 0xFFFF, 0xFFFF,
    0xFFFF, 0xFFFF, 0xFFFF, 0xFFFF,
];

static CP037: [u16; 256] = [
    0x0000, 0x0001, 0x0002, 0x0003, 0x009C, 0x0009, 0x0086, 0x007F, 0x0097, 0x008D, 0x008E, 0x000B,
    0x000C, 0x000D, 0x000E, 0x000F, 0x0010, 0x0011, 0x0012, 0x0013, 0x009D, 0x0085, 0x0008, 0x0087,
    0x0018, 0x0019, 0x0092, 0x008F, 0x001C, 0x001D, 0x001E, 0x001F, 0x0080, 0x0081, 0x0082, 0x0083,
    0x0084, 0x000A, 0x0017, 0x001B, 0x0088, 0x0089, 0x008A, 0x008B, 0x008C, 0x0005, 0x0006, 0x0007,
    0x0090, 0x0091, 0x0016, 0x0093, 0x0094, 0x0095, 0x0096, 0x0004, 0x0098, 0x0099, 0x009A, 0x009B,
    0x0014, 0x0015, 0x009E, 0x001A, 0x0020, 0x00A0, 0x00E2, 0x00E4, 0x00E0, 0x00E1, 0x00E3, 0x00E5,
    0x00E7, 0x00F1, 0x00A2, 0x002E, 0x003C, 0x0028, 0x002B, 0x007C, 0x0026, 0x00E9, 0x00EA, 0x00EB,
    0x00E8, 0x00ED, 0x00EE, 0x00EF, 0x00EC, 0x00DF, 0x0021, 0x0024, 0x002A, 0x0029, 0x003B, 0x00AC,
    0x002D, 0x002F, 0x00C2, 0x00C4, 0x00C0, 0x00C1, 0x00C3, 0x00C5, 0x00C7, 0x00D1, 0x00A6, 0x002C,
    0x0025, 0x005F, 0x003E, 0x003F, 0x00F8, 0x00C9, 0x00CA, 0x00CB, 0x00C8, 0x00CD, 0x00CE, 0x00CF,
    0x00CC, 0x0060, 0x003A, 0x0023, 0x0040, 0x0027, 0x003D, 0x0022, 0x00D8, 0x0061, 0x0062, 0x0063,
    0x0064, 0x0065, 0x0066, 0x0067, 0x0068, 0x0069, 0x00AB, 0x00BB, 0x00F0, 0x00FD, 0x00FE, 0x00B1,
    0x00B0, 0x006A, 0x006B, 0x006C, 0x006D, 0x006E, 0x006F, 0x0070, 0x0071, 0x0072, 0x00AA, 0x00BA,
    0x00E6, 0x00B8, 0x00C6, 0x00A4, 0x00B5, 0x007E, 0x0073, 0x0074, 0x0075, 0x0076, 0x0077, 0x0078,
    0x0079, 0x007A, 0x00A1, 0x00BF, 0x00D0, 0x00DD, 0x00DE, 0x00AE, 0x005E, 0x00A3, 0x00A5, 0x00B7,
    0x00A9, 0x00A7, 0x00B6, 0x00BC, 0x00BD, 0x00BE, 0x005B, 0x005D, 0x00AF, 0x00A8, 0x00B4, 0x00D7,
    0x007B, 0x0041, 0x0042, 0x0043, 0x0044, 0x0045, 0x0046, 0x0047, 0x0048, 0x0049, 0x00AD, 0x00F4,
    0x00F6, 0x00F2, 0x00F3, 0x00F5, 0x007D, 0x004A, 0x004B, 0x004C, 0x004D, 0x004E, 0x004F, 0x0050,
    0x0051, 0x0052, 0x00B9, 0x00FB, 0x00FC, 0x00F9, 0x00FA, 0x00FF, 0x005C, 0x00F7, 0x0053, 0x0054,
    0x0055, 0x0056, 0x0057, 0x0058, 0x0059, 0x005A, 0x00B2, 0x00D4, 0x00D6, 0x00D2, 0x00D3, 0x00D5,
    0x0030, 0x0031, 0x0032, 0x0033, 0x0034, 0x0035, 0x0036, 0x0037, 0x0038, 0x0039, 0x00B3, 0x00DB,
    0x00DC, 0x00D9, 0x00DA, 0x009F,
];

static CP1006: [u16; 256] = [
    0x0000, 0x0001, 0x0002, 0x0003, 0x0004, 0x0005, 0x0006, 0x0007, 0x0008, 0x0009, 0x000A, 0x000B,
    0x000C, 0x000D, 0x000E, 0x000F, 0x0010, 0x0011, 0x0012, 0x0013, 0x0014, 0x0015, 0x0016, 0x0017,
    0x0018, 0x0019, 0x001A, 0x001B, 0x001C, 0x001D, 0x001E, 0x001F, 0x0020, 0x0021, 0x0022, 0x0023,
    0x0024, 0x0025, 0x0026, 0x0027, 0x0028, 0x0029, 0x002A, 0x002B, 0x002C, 0x002D, 0x002E, 0x002F,
    0x0030, 0x0031, 0x0032, 0x0033, 0x0034, 0x0035, 0x0036, 0x0037, 0x0038, 0x0039, 0x003A, 0x003B,
    0x003C, 0x003D, 0x003E, 0x003F, 0x0040, 0x0041, 0x0042, 0x0043, 0x0044, 0x0045, 0x0046, 0x0047,
    0x0048, 0x0049, 0x004A, 0x004B, 0x004C, 0x004D, 0x004E, 0x004F, 0x0050, 0x0051, 0x0052, 0x0053,
    0x0054, 0x0055, 0x0056, 0x0057, 0x0058, 0x0059, 0x005A, 0x005B, 0x005C, 0x005D, 0x005E, 0x005F,
    0x0060, 0x0061, 0x0062, 0x0063, 0x0064, 0x0065, 0x0066, 0x0067, 0x0068, 0x0069, 0x006A, 0x006B,
    0x006C, 0x006D, 0x006E, 0x006F, 0x0070, 0x0071, 0x0072, 0x0073, 0x0074, 0x0075, 0x0076, 0x0077,
    0x0078, 0x0079, 0x007A, 0x007B, 0x007C, 0x007D, 0x007E, 0x007F, 0x0080, 0x0081, 0x0082, 0x0083,
    0x0084, 0x0085, 0x0086, 0x0087, 0x0088, 0x0089, 0x008A, 0x008B, 0x008C, 0x008D, 0x008E, 0x008F,
    0x0090, 0x0091, 0x0092, 0x0093, 0x0094, 0x0095, 0x0096, 0x0097, 0x0098, 0x0099, 0x009A, 0x009B,
    0x009C, 0x009D, 0x009E, 0x009F, 0x00A0, 0x06F0, 0x06F1, 0x06F2, 0x06F3, 0x06F4, 0x06F5, 0x06F6,
    0x06F7, 0x06F8, 0x06F9, 0x060C, 0x061B, 0x00AD, 0x061F, 0xFE81, 0xFE8D, 0xFE8E, 0xFE8E, 0xFE8F,
    0xFE91, 0xFB56, 0xFB58, 0xFE93, 0xFE95, 0xFE97, 0xFB66, 0xFB68, 0xFE99, 0xFE9B, 0xFE9D, 0xFE9F,
    0xFB7A, 0xFB7C, 0xFEA1, 0xFEA3, 0xFEA5, 0xFEA7, 0xFEA9, 0xFB84, 0xFEAB, 0xFEAD, 0xFB8C, 0xFEAF,
    0xFB8A, 0xFEB1, 0xFEB3, 0xFEB5, 0xFEB7, 0xFEB9, 0xFEBB, 0xFEBD, 0xFEBF, 0xFEC1, 0xFEC5, 0xFEC9,
    0xFECA, 0xFECB, 0xFECC, 0xFECD, 0xFECE, 0xFECF, 0xFED0, 0xFED1, 0xFED3, 0xFED5, 0xFED7, 0xFED9,
    0xFEDB, 0xFB92, 0xFB94, 0xFEDD, 0xFEDF, 0xFEE0, 0xFEE1, 0xFEE3, 0xFB9E, 0xFEE5, 0xFEE7, 0xFE85,
    0xFEED, 0xFBA6, 0xFBA8, 0xFBA9, 0xFBAA, 0xFE80, 0xFE89, 0xFE8A, 0xFE8B, 0xFEF1, 0xFEF2, 0xFEF3,
    0xFBB0, 0xFBAE, 0xFE7C, 0xFE7D,
];

static CP1026: [u16; 256] = [
    0x0000, 0x0001, 0x0002, 0x0003, 0x009C, 0x0009, 0x0086, 0x007F, 0x0097, 0x008D, 0x008E, 0x000B,
    0x000C, 0x000D, 0x000E, 0x000F, 0x0010, 0x0011, 0x0012, 0x0013, 0x009D, 0x0085, 0x0008, 0x0087,
    0x0018, 0x0019, 0x0092, 0x008F, 0x001C, 0x001D, 0x001E, 0x001F, 0x0080, 0x0081, 0x0082, 0x0083,
    0x0084, 0x000A, 0x0017, 0x001B, 0x0088, 0x0089, 0x008A, 0x008B, 0x008C, 0x0005, 0x0006, 0x0007,
    0x0090, 0x0091, 0x0016, 0x0093, 0x0094, 0x0095, 0x0096, 0x0004, 0x0098, 0x0099, 0x009A, 0x009B,
    0x0014, 0x0015, 0x009E, 0x001A, 0x0020, 0x00A0, 0x00E2, 0x00E4, 0x00E0, 0x00E1, 0x00E3, 0x00E5,
    0x007B, 0x00F1, 0x00C7, 0x002E, 0x003C, 0x0028, 0x002B, 0x0021, 0x0026, 0x00E9, 0x00EA, 0x00EB,
    0x00E8, 0x00ED, 0x00EE, 0x00EF, 0x00EC, 0x00DF, 0x011E, 0x0130, 0x002A, 0x0029, 0x003B, 0x005E,
    0x002D, 0x002F, 0x00C2, 0x00C4, 0x00C0, 0x00C1, 0x00C3, 0x00C5, 0x005B, 0x00D1, 0x015F, 0x002C,
    0x0025, 0x005F, 0x003E, 0x003F, 0x00F8, 0x00C9, 0x00CA, 0x00CB, 0x00C8, 0x00CD, 0x00CE, 0x00CF,
    0x00CC, 0x0131, 0x003A, 0x00D6, 0x015E, 0x0027, 0x003D, 0x00DC, 0x00D8, 0x0061, 0x0062, 0x0063,
    0x0064, 0x0065, 0x0066, 0x0067, 0x0068, 0x0069, 0x00AB, 0x00BB, 0x007D, 0x0060, 0x00A6, 0x00B1,
    0x00B0, 0x006A, 0x006B, 0x006C, 0x006D, 0x006E, 0x006F, 0x0070, 0x0071, 0x0072, 0x00AA, 0x00BA,
    0x00E6, 0x00B8, 0x00C6, 0x00A4, 0x00B5, 0x00F6, 0x0073, 0x0074, 0x0075, 0x0076, 0x0077, 0x0078,
    0x0079, 0x007A, 0x00A1, 0x00BF, 0x005D, 0x0024, 0x0040, 0x00AE, 0x00A2, 0x00A3, 0x00A5, 0x00B7,
    0x00A9, 0x00A7, 0x00B6, 0x00BC, 0x00BD, 0x00BE, 0x00AC, 0x007C, 0x00AF, 0x00A8, 0x00B4, 0x00D7,
    0x00E7, 0x0041, 0x0042, 0x0043, 0x0044, 0x0045, 0x0046, 0x0047, 0x0048, 0x0049, 0x00AD, 0x00F4,
    0x007E, 0x00F2, 0x00F3, 0x00F5, 0x011F, 0x004A, 0x004B, 0x004C, 0x004D, 0x004E, 0x004F, 0x0050,
    0x0051, 0x0052, 0x00B9, 0x00FB, 0x005C, 0x00F9, 0x00FA, 0x00FF, 0x00FC, 0x00F7, 0x0053, 0x0054,
    0x0055, 0x0056, 0x0057, 0x0058, 0x0059, 0x005A, 0x00B2, 0x00D4, 0x0023, 0x00D2, 0x00D3, 0x00D5,
    0x0030, 0x0031, 0x0032, 0x0033, 0x0034, 0x0035, 0x0036, 0x0037, 0x0038, 0x0039, 0x00B3, 0x00DB,
    0x0022, 0x00D9, 0x00DA, 0x009F,
];

static CP1125: [u16; 256] = [
    0x0000, 0x0001, 0x0002, 0x0003, 0x0004, 0x0005, 0x0006, 0x0007, 0x0008, 0x0009, 0x000A, 0x000B,
    0x000C, 0x000D, 0x000E, 0x000F, 0x0010, 0x0011, 0x0012, 0x0013, 0x0014, 0x0015, 0x0016, 0x0017,
    0x0018, 0x0019, 0x001A, 0x001B, 0x001C, 0x001D, 0x001E, 0x001F, 0x0020, 0x0021, 0x0022, 0x0023,
    0x0024, 0x0025, 0x0026, 0x0027, 0x0028, 0x0029, 0x002A, 0x002B, 0x002C, 0x002D, 0x002E, 0x002F,
    0x0030, 0x0031, 0x0032, 0x0033, 0x0034, 0x0035, 0x0036, 0x0037, 0x0038, 0x0039, 0x003A, 0x003B,
    0x003C, 0x003D, 0x003E, 0x003F, 0x0040, 0x0041, 0x0042, 0x0043, 0x0044, 0x0045, 0x0046, 0x0047,
    0x0048, 0x0049, 0x004A, 0x004B, 0x004C, 0x004D, 0x004E, 0x004F, 0x0050, 0x0051, 0x0052, 0x0053,
    0x0054, 0x0055, 0x0056, 0x0057, 0x0058, 0x0059, 0x005A, 0x005B, 0x005C, 0x005D, 0x005E, 0x005F,
    0x0060, 0x0061, 0x0062, 0x0063, 0x0064, 0x0065, 0x0066, 0x0067, 0x0068, 0x0069, 0x006A, 0x006B,
    0x006C, 0x006D, 0x006E, 0x006F, 0x0070, 0x0071, 0x0072, 0x0073, 0x0074, 0x0075, 0x0076, 0x0077,
    0x0078, 0x0079, 0x007A, 0x007B, 0x007C, 0x007D, 0x007E, 0x007F, 0x0410, 0x0411, 0x0412, 0x0413,
    0x0414, 0x0415, 0x0416, 0x0417, 0x0418, 0x0419, 0x041A, 0x041B, 0x041C, 0x041D, 0x041E, 0x041F,
    0x0420, 0x0421, 0x0422, 0x0423, 0x0424, 0x0425, 0x0426, 0x0427, 0x0428, 0x0429, 0x042A, 0x042B,
    0x042C, 0x042D, 0x042E, 0x042F, 0x0430, 0x0431, 0x0432, 0x0433, 0x0434, 0x0435, 0x0436, 0x0437,
    0x0438, 0x0439, 0x043A, 0x043B, 0x043C, 0x043D, 0x043E, 0x043F, 0x2591, 0x2592, 0x2593, 0x2502,
    0x2524, 0x2561, 0x2562, 0x2556, 0x2555, 0x2563, 0x2551, 0x2557, 0x255D, 0x255C, 0x255B, 0x2510,
    0x2514, 0x2534, 0x252C, 0x251C, 0x2500, 0x253C, 0x255E, 0x255F, 0x255A, 0x2554, 0x2569, 0x2566,
    0x2560, 0x2550, 0x256C, 0x2567, 0x2568, 0x2564, 0x2565, 0x2559, 0x2558, 0x2552, 0x2553, 0x256B,
    0x256A, 0x2518, 0x250C, 0x2588, 0x2584, 0x258C, 0x2590, 0x2580, 0x0440, 0x0441, 0x0442, 0x0443,
    0x0444, 0x0445, 0x0446, 0x0447, 0x0448, 0x0449, 0x044A, 0x044B, 0x044C, 0x044D, 0x044E, 0x044F,
    0x0401, 0x0451, 0x0490, 0x0491, 0x0404, 0x0454, 0x0406, 0x0456, 0x0407, 0x0457, 0x00B7, 0x221A,
    0x2116, 0x00A4, 0x25A0, 0x00A0,
];

static CP1140: [u16; 256] = [
    0x0000, 0x0001, 0x0002, 0x0003, 0x009C, 0x0009, 0x0086, 0x007F, 0x0097, 0x008D, 0x008E, 0x000B,
    0x000C, 0x000D, 0x000E, 0x000F, 0x0010, 0x0011, 0x0012, 0x0013, 0x009D, 0x0085, 0x0008, 0x0087,
    0x0018, 0x0019, 0x0092, 0x008F, 0x001C, 0x001D, 0x001E, 0x001F, 0x0080, 0x0081, 0x0082, 0x0083,
    0x0084, 0x000A, 0x0017, 0x001B, 0x0088, 0x0089, 0x008A, 0x008B, 0x008C, 0x0005, 0x0006, 0x0007,
    0x0090, 0x0091, 0x0016, 0x0093, 0x0094, 0x0095, 0x0096, 0x0004, 0x0098, 0x0099, 0x009A, 0x009B,
    0x0014, 0x0015, 0x009E, 0x001A, 0x0020, 0x00A0, 0x00E2, 0x00E4, 0x00E0, 0x00E1, 0x00E3, 0x00E5,
    0x00E7, 0x00F1, 0x00A2, 0x002E, 0x003C, 0x0028, 0x002B, 0x007C, 0x0026, 0x00E9, 0x00EA, 0x00EB,
    0x00E8, 0x00ED, 0x00EE, 0x00EF, 0x00EC, 0x00DF, 0x0021, 0x0024, 0x002A, 0x0029, 0x003B, 0x00AC,
    0x002D, 0x002F, 0x00C2, 0x00C4, 0x00C0, 0x00C1, 0x00C3, 0x00C5, 0x00C7, 0x00D1, 0x00A6, 0x002C,
    0x0025, 0x005F, 0x003E, 0x003F, 0x00F8, 0x00C9, 0x00CA, 0x00CB, 0x00C8, 0x00CD, 0x00CE, 0x00CF,
    0x00CC, 0x0060, 0x003A, 0x0023, 0x0040, 0x0027, 0x003D, 0x0022, 0x00D8, 0x0061, 0x0062, 0x0063,
    0x0064, 0x0065, 0x0066, 0x0067, 0x0068, 0x0069, 0x00AB, 0x00BB, 0x00F0, 0x00FD, 0x00FE, 0x00B1,
    0x00B0, 0x006A, 0x006B, 0x006C, 0x006D, 0x006E, 0x006F, 0x0070, 0x0071, 0x0072, 0x00AA, 0x00BA,
    0x00E6, 0x00B8, 0x00C6, 0x20AC, 0x00B5, 0x007E, 0x0073, 0x0074, 0x0075, 0x0076, 0x0077, 0x0078,
    0x0079, 0x007A, 0x00A1, 0x00BF, 0x00D0, 0x00DD, 0x00DE, 0x00AE, 0x005E, 0x00A3, 0x00A5, 0x00B7,
    0x00A9, 0x00A7, 0x00B6, 0x00BC, 0x00BD, 0x00BE, 0x005B, 0x005D, 0x00AF, 0x00A8, 0x00B4, 0x00D7,
    0x007B, 0x0041, 0x0042, 0x0043, 0x0044, 0x0045, 0x0046, 0x0047, 0x0048, 0x0049, 0x00AD, 0x00F4,
    0x00F6, 0x00F2, 0x00F3, 0x00F5, 0x007D, 0x004A, 0x004B, 0x004C, 0x004D, 0x004E, 0x004F, 0x0050,
    0x0051, 0x0052, 0x00B9, 0x00FB, 0x00FC, 0x00F9, 0x00FA, 0x00FF, 0x005C, 0x00F7, 0x0053, 0x0054,
    0x0055, 0x0056, 0x0057, 0x0058, 0x0059, 0x005A, 0x00B2, 0x00D4, 0x00D6, 0x00D2, 0x00D3, 0x00D5,
    0x0030, 0x0031, 0x0032, 0x0033, 0x0034, 0x0035, 0x0036, 0x0037, 0x0038, 0x0039, 0x00B3, 0x00DB,
    0x00DC, 0x00D9, 0x00DA, 0x009F,
];

static CP1250: [u16; 256] = [
    0x0000, 0x0001, 0x0002, 0x0003, 0x0004, 0x0005, 0x0006, 0x0007, 0x0008, 0x0009, 0x000A, 0x000B,
    0x000C, 0x000D, 0x000E, 0x000F, 0x0010, 0x0011, 0x0012, 0x0013, 0x0014, 0x0015, 0x0016, 0x0017,
    0x0018, 0x0019, 0x001A, 0x001B, 0x001C, 0x001D, 0x001E, 0x001F, 0x0020, 0x0021, 0x0022, 0x0023,
    0x0024, 0x0025, 0x0026, 0x0027, 0x0028, 0x0029, 0x002A, 0x002B, 0x002C, 0x002D, 0x002E, 0x002F,
    0x0030, 0x0031, 0x0032, 0x0033, 0x0034, 0x0035, 0x0036, 0x0037, 0x0038, 0x0039, 0x003A, 0x003B,
    0x003C, 0x003D, 0x003E, 0x003F, 0x0040, 0x0041, 0x0042, 0x0043, 0x0044, 0x0045, 0x0046, 0x0047,
    0x0048, 0x0049, 0x004A, 0x004B, 0x004C, 0x004D, 0x004E, 0x004F, 0x0050, 0x0051, 0x0052, 0x0053,
    0x0054, 0x0055, 0x0056, 0x0057, 0x0058, 0x0059, 0x005A, 0x005B, 0x005C, 0x005D, 0x005E, 0x005F,
    0x0060, 0x0061, 0x0062, 0x0063, 0x0064, 0x0065, 0x0066, 0x0067, 0x0068, 0x0069, 0x006A, 0x006B,
    0x006C, 0x006D, 0x006E, 0x006F, 0x0070, 0x0071, 0x0072, 0x0073, 0x0074, 0x0075, 0x0076, 0x0077,
    0x0078, 0x0079, 0x007A, 0x007B, 0x007C, 0x007D, 0x007E, 0x007F, 0x20AC, 0xFFFF, 0x201A, 0xFFFF,
    0x201E, 0x2026, 0x2020, 0x2021, 0xFFFF, 0x2030, 0x0160, 0x2039, 0x015A, 0x0164, 0x017D, 0x0179,
    0xFFFF, 0x2018, 0x2019, 0x201C, 0x201D, 0x2022, 0x2013, 0x2014, 0xFFFF, 0x2122, 0x0161, 0x203A,
    0x015B, 0x0165, 0x017E, 0x017A, 0x00A0, 0x02C7, 0x02D8, 0x0141, 0x00A4, 0x0104, 0x00A6, 0x00A7,
    0x00A8, 0x00A9, 0x015E, 0x00AB, 0x00AC, 0x00AD, 0x00AE, 0x017B, 0x00B0, 0x00B1, 0x02DB, 0x0142,
    0x00B4, 0x00B5, 0x00B6, 0x00B7, 0x00B8, 0x0105, 0x015F, 0x00BB, 0x013D, 0x02DD, 0x013E, 0x017C,
    0x0154, 0x00C1, 0x00C2, 0x0102, 0x00C4, 0x0139, 0x0106, 0x00C7, 0x010C, 0x00C9, 0x0118, 0x00CB,
    0x011A, 0x00CD, 0x00CE, 0x010E, 0x0110, 0x0143, 0x0147, 0x00D3, 0x00D4, 0x0150, 0x00D6, 0x00D7,
    0x0158, 0x016E, 0x00DA, 0x0170, 0x00DC, 0x00DD, 0x0162, 0x00DF, 0x0155, 0x00E1, 0x00E2, 0x0103,
    0x00E4, 0x013A, 0x0107, 0x00E7, 0x010D, 0x00E9, 0x0119, 0x00EB, 0x011B, 0x00ED, 0x00EE, 0x010F,
    0x0111, 0x0144, 0x0148, 0x00F3, 0x00F4, 0x0151, 0x00F6, 0x00F7, 0x0159, 0x016F, 0x00FA, 0x0171,
    0x00FC, 0x00FD, 0x0163, 0x02D9,
];

static CP1251: [u16; 256] = [
    0x0000, 0x0001, 0x0002, 0x0003, 0x0004, 0x0005, 0x0006, 0x0007, 0x0008, 0x0009, 0x000A, 0x000B,
    0x000C, 0x000D, 0x000E, 0x000F, 0x0010, 0x0011, 0x0012, 0x0013, 0x0014, 0x0015, 0x0016, 0x0017,
    0x0018, 0x0019, 0x001A, 0x001B, 0x001C, 0x001D, 0x001E, 0x001F, 0x0020, 0x0021, 0x0022, 0x0023,
    0x0024, 0x0025, 0x0026, 0x0027, 0x0028, 0x0029, 0x002A, 0x002B, 0x002C, 0x002D, 0x002E, 0x002F,
    0x0030, 0x0031, 0x0032, 0x0033, 0x0034, 0x0035, 0x0036, 0x0037, 0x0038, 0x0039, 0x003A, 0x003B,
    0x003C, 0x003D, 0x003E, 0x003F, 0x0040, 0x0041, 0x0042, 0x0043, 0x0044, 0x0045, 0x0046, 0x0047,
    0x0048, 0x0049, 0x004A, 0x004B, 0x004C, 0x004D, 0x004E, 0x004F, 0x0050, 0x0051, 0x0052, 0x0053,
    0x0054, 0x0055, 0x0056, 0x0057, 0x0058, 0x0059, 0x005A, 0x005B, 0x005C, 0x005D, 0x005E, 0x005F,
    0x0060, 0x0061, 0x0062, 0x0063, 0x0064, 0x0065, 0x0066, 0x0067, 0x0068, 0x0069, 0x006A, 0x006B,
    0x006C, 0x006D, 0x006E, 0x006F, 0x0070, 0x0071, 0x0072, 0x0073, 0x0074, 0x0075, 0x0076, 0x0077,
    0x0078, 0x0079, 0x007A, 0x007B, 0x007C, 0x007D, 0x007E, 0x007F, 0x0402, 0x0403, 0x201A, 0x0453,
    0x201E, 0x2026, 0x2020, 0x2021, 0x20AC, 0x2030, 0x0409, 0x2039, 0x040A, 0x040C, 0x040B, 0x040F,
    0x0452, 0x2018, 0x2019, 0x201C, 0x201D, 0x2022, 0x2013, 0x2014, 0xFFFF, 0x2122, 0x0459, 0x203A,
    0x045A, 0x045C, 0x045B, 0x045F, 0x00A0, 0x040E, 0x045E, 0x0408, 0x00A4, 0x0490, 0x00A6, 0x00A7,
    0x0401, 0x00A9, 0x0404, 0x00AB, 0x00AC, 0x00AD, 0x00AE, 0x0407, 0x00B0, 0x00B1, 0x0406, 0x0456,
    0x0491, 0x00B5, 0x00B6, 0x00B7, 0x0451, 0x2116, 0x0454, 0x00BB, 0x0458, 0x0405, 0x0455, 0x0457,
    0x0410, 0x0411, 0x0412, 0x0413, 0x0414, 0x0415, 0x0416, 0x0417, 0x0418, 0x0419, 0x041A, 0x041B,
    0x041C, 0x041D, 0x041E, 0x041F, 0x0420, 0x0421, 0x0422, 0x0423, 0x0424, 0x0425, 0x0426, 0x0427,
    0x0428, 0x0429, 0x042A, 0x042B, 0x042C, 0x042D, 0x042E, 0x042F, 0x0430, 0x0431, 0x0432, 0x0433,
    0x0434, 0x0435, 0x0436, 0x0437, 0x0438, 0x0439, 0x043A, 0x043B, 0x043C, 0x043D, 0x043E, 0x043F,
    0x0440, 0x0441, 0x0442, 0x0443, 0x0444, 0x0445, 0x0446, 0x0447, 0x0448, 0x0449, 0x044A, 0x044B,
    0x044C, 0x044D, 0x044E, 0x044F,
];

static CP1252: [u16; 256] = [
    0x0000, 0x0001, 0x0002, 0x0003, 0x0004, 0x0005, 0x0006, 0x0007, 0x0008, 0x0009, 0x000A, 0x000B,
    0x000C, 0x000D, 0x000E, 0x000F, 0x0010, 0x0011, 0x0012, 0x0013, 0x0014, 0x0015, 0x0016, 0x0017,
    0x0018, 0x0019, 0x001A, 0x001B, 0x001C, 0x001D, 0x001E, 0x001F, 0x0020, 0x0021, 0x0022, 0x0023,
    0x0024, 0x0025, 0x0026, 0x0027, 0x0028, 0x0029, 0x002A, 0x002B, 0x002C, 0x002D, 0x002E, 0x002F,
    0x0030, 0x0031, 0x0032, 0x0033, 0x0034, 0x0035, 0x0036, 0x0037, 0x0038, 0x0039, 0x003A, 0x003B,
    0x003C, 0x003D, 0x003E, 0x003F, 0x0040, 0x0041, 0x0042, 0x0043, 0x0044, 0x0045, 0x0046, 0x0047,
    0x0048, 0x0049, 0x004A, 0x004B, 0x004C, 0x004D, 0x004E, 0x004F, 0x0050, 0x0051, 0x0052, 0x0053,
    0x0054, 0x0055, 0x0056, 0x0057, 0x0058, 0x0059, 0x005A, 0x005B, 0x005C, 0x005D, 0x005E, 0x005F,
    0x0060, 0x0061, 0x0062, 0x0063, 0x0064, 0x0065, 0x0066, 0x0067, 0x0068, 0x0069, 0x006A, 0x006B,
    0x006C, 0x006D, 0x006E, 0x006F, 0x0070, 0x0071, 0x0072, 0x0073, 0x0074, 0x0075, 0x0076, 0x0077,
    0x0078, 0x0079, 0x007A, 0x007B, 0x007C, 0x007D, 0x007E, 0x007F, 0x20AC, 0xFFFF, 0x201A, 0x0192,
    0x201E, 0x2026, 0x2020, 0x2021, 0x02C6, 0x2030, 0x0160, 0x2039, 0x0152, 0xFFFF, 0x017D, 0xFFFF,
    0xFFFF, 0x2018, 0x2019, 0x201C, 0x201D, 0x2022, 0x2013, 0x2014, 0x02DC, 0x2122, 0x0161, 0x203A,
    0x0153, 0xFFFF, 0x017E, 0x0178, 0x00A0, 0x00A1, 0x00A2, 0x00A3, 0x00A4, 0x00A5, 0x00A6, 0x00A7,
    0x00A8, 0x00A9, 0x00AA, 0x00AB, 0x00AC, 0x00AD, 0x00AE, 0x00AF, 0x00B0, 0x00B1, 0x00B2, 0x00B3,
    0x00B4, 0x00B5, 0x00B6, 0x00B7, 0x00B8, 0x00B9, 0x00BA, 0x00BB, 0x00BC, 0x00BD, 0x00BE, 0x00BF,
    0x00C0, 0x00C1, 0x00C2, 0x00C3, 0x00C4, 0x00C5, 0x00C6, 0x00C7, 0x00C8, 0x00C9, 0x00CA, 0x00CB,
    0x00CC, 0x00CD, 0x00CE, 0x00CF, 0x00D0, 0x00D1, 0x00D2, 0x00D3, 0x00D4, 0x00D5, 0x00D6, 0x00D7,
    0x00D8, 0x00D9, 0x00DA, 0x00DB, 0x00DC, 0x00DD, 0x00DE, 0x00DF, 0x00E0, 0x00E1, 0x00E2, 0x00E3,
    0x00E4, 0x00E5, 0x00E6, 0x00E7, 0x00E8, 0x00E9, 0x00EA, 0x00EB, 0x00EC, 0x00ED, 0x00EE, 0x00EF,
    0x00F0, 0x00F1, 0x00F2, 0x00F3, 0x00F4, 0x00F5, 0x00F6, 0x00F7, 0x00F8, 0x00F9, 0x00FA, 0x00FB,
    0x00FC, 0x00FD, 0x00FE, 0x00FF,
];

static CP1253: [u16; 256] = [
    0x0000, 0x0001, 0x0002, 0x0003, 0x0004, 0x0005, 0x0006, 0x0007, 0x0008, 0x0009, 0x000A, 0x000B,
    0x000C, 0x000D, 0x000E, 0x000F, 0x0010, 0x0011, 0x0012, 0x0013, 0x0014, 0x0015, 0x0016, 0x0017,
    0x0018, 0x0019, 0x001A, 0x001B, 0x001C, 0x001D, 0x001E, 0x001F, 0x0020, 0x0021, 0x0022, 0x0023,
    0x0024, 0x0025, 0x0026, 0x0027, 0x0028, 0x0029, 0x002A, 0x002B, 0x002C, 0x002D, 0x002E, 0x002F,
    0x0030, 0x0031, 0x0032, 0x0033, 0x0034, 0x0035, 0x0036, 0x0037, 0x0038, 0x0039, 0x003A, 0x003B,
    0x003C, 0x003D, 0x003E, 0x003F, 0x0040, 0x0041, 0x0042, 0x0043, 0x0044, 0x0045, 0x0046, 0x0047,
    0x0048, 0x0049, 0x004A, 0x004B, 0x004C, 0x004D, 0x004E, 0x004F, 0x0050, 0x0051, 0x0052, 0x0053,
    0x0054, 0x0055, 0x0056, 0x0057, 0x0058, 0x0059, 0x005A, 0x005B, 0x005C, 0x005D, 0x005E, 0x005F,
    0x0060, 0x0061, 0x0062, 0x0063, 0x0064, 0x0065, 0x0066, 0x0067, 0x0068, 0x0069, 0x006A, 0x006B,
    0x006C, 0x006D, 0x006E, 0x006F, 0x0070, 0x0071, 0x0072, 0x0073, 0x0074, 0x0075, 0x0076, 0x0077,
    0x0078, 0x0079, 0x007A, 0x007B, 0x007C, 0x007D, 0x007E, 0x007F, 0x20AC, 0xFFFF, 0x201A, 0x0192,
    0x201E, 0x2026, 0x2020, 0x2021, 0xFFFF, 0x2030, 0xFFFF, 0x2039, 0xFFFF, 0xFFFF, 0xFFFF, 0xFFFF,
    0xFFFF, 0x2018, 0x2019, 0x201C, 0x201D, 0x2022, 0x2013, 0x2014, 0xFFFF, 0x2122, 0xFFFF, 0x203A,
    0xFFFF, 0xFFFF, 0xFFFF, 0xFFFF, 0x00A0, 0x0385, 0x0386, 0x00A3, 0x00A4, 0x00A5, 0x00A6, 0x00A7,
    0x00A8, 0x00A9, 0xFFFF, 0x00AB, 0x00AC, 0x00AD, 0x00AE, 0x2015, 0x00B0, 0x00B1, 0x00B2, 0x00B3,
    0x0384, 0x00B5, 0x00B6, 0x00B7, 0x0388, 0x0389, 0x038A, 0x00BB, 0x038C, 0x00BD, 0x038E, 0x038F,
    0x0390, 0x0391, 0x0392, 0x0393, 0x0394, 0x0395, 0x0396, 0x0397, 0x0398, 0x0399, 0x039A, 0x039B,
    0x039C, 0x039D, 0x039E, 0x039F, 0x03A0, 0x03A1, 0xFFFF, 0x03A3, 0x03A4, 0x03A5, 0x03A6, 0x03A7,
    0x03A8, 0x03A9, 0x03AA, 0x03AB, 0x03AC, 0x03AD, 0x03AE, 0x03AF, 0x03B0, 0x03B1, 0x03B2, 0x03B3,
    0x03B4, 0x03B5, 0x03B6, 0x03B7, 0x03B8, 0x03B9, 0x03BA, 0x03BB, 0x03BC, 0x03BD, 0x03BE, 0x03BF,
    0x03C0, 0x03C1, 0x03C2, 0x03C3, 0x03C4, 0x03C5, 0x03C6, 0x03C7, 0x03C8, 0x03C9, 0x03CA, 0x03CB,
    0x03CC, 0x03CD, 0x03CE, 0xFFFF,
];

static CP1254: [u16; 256] = [
    0x0000, 0x0001, 0x0002, 0x0003, 0x0004, 0x0005, 0x0006, 0x0007, 0x0008, 0x0009, 0x000A, 0x000B,
    0x000C, 0x000D, 0x000E, 0x000F, 0x0010, 0x0011, 0x0012, 0x0013, 0x0014, 0x0015, 0x0016, 0x0017,
    0x0018, 0x0019, 0x001A, 0x001B, 0x001C, 0x001D, 0x001E, 0x001F, 0x0020, 0x0021, 0x0022, 0x0023,
    0x0024, 0x0025, 0x0026, 0x0027, 0x0028, 0x0029, 0x002A, 0x002B, 0x002C, 0x002D, 0x002E, 0x002F,
    0x0030, 0x0031, 0x0032, 0x0033, 0x0034, 0x0035, 0x0036, 0x0037, 0x0038, 0x0039, 0x003A, 0x003B,
    0x003C, 0x003D, 0x003E, 0x003F, 0x0040, 0x0041, 0x0042, 0x0043, 0x0044, 0x0045, 0x0046, 0x0047,
    0x0048, 0x0049, 0x004A, 0x004B, 0x004C, 0x004D, 0x004E, 0x004F, 0x0050, 0x0051, 0x0052, 0x0053,
    0x0054, 0x0055, 0x0056, 0x0057, 0x0058, 0x0059, 0x005A, 0x005B, 0x005C, 0x005D, 0x005E, 0x005F,
    0x0060, 0x0061, 0x0062, 0x0063, 0x0064, 0x0065, 0x0066, 0x0067, 0x0068, 0x0069, 0x006A, 0x006B,
    0x006C, 0x006D, 0x006E, 0x006F, 0x0070, 0x0071, 0x0072, 0x0073, 0x0074, 0x0075, 0x0076, 0x0077,
    0x0078, 0x0079, 0x007A, 0x007B, 0x007C, 0x007D, 0x007E, 0x007F, 0x20AC, 0xFFFF, 0x201A, 0x0192,
    0x201E, 0x2026, 0x2020, 0x2021, 0x02C6, 0x2030, 0x0160, 0x2039, 0x0152, 0xFFFF, 0xFFFF, 0xFFFF,
    0xFFFF, 0x2018, 0x2019, 0x201C, 0x201D, 0x2022, 0x2013, 0x2014, 0x02DC, 0x2122, 0x0161, 0x203A,
    0x0153, 0xFFFF, 0xFFFF, 0x0178, 0x00A0, 0x00A1, 0x00A2, 0x00A3, 0x00A4, 0x00A5, 0x00A6, 0x00A7,
    0x00A8, 0x00A9, 0x00AA, 0x00AB, 0x00AC, 0x00AD, 0x00AE, 0x00AF, 0x00B0, 0x00B1, 0x00B2, 0x00B3,
    0x00B4, 0x00B5, 0x00B6, 0x00B7, 0x00B8, 0x00B9, 0x00BA, 0x00BB, 0x00BC, 0x00BD, 0x00BE, 0x00BF,
    0x00C0, 0x00C1, 0x00C2, 0x00C3, 0x00C4, 0x00C5, 0x00C6, 0x00C7, 0x00C8, 0x00C9, 0x00CA, 0x00CB,
    0x00CC, 0x00CD, 0x00CE, 0x00CF, 0x011E, 0x00D1, 0x00D2, 0x00D3, 0x00D4, 0x00D5, 0x00D6, 0x00D7,
    0x00D8, 0x00D9, 0x00DA, 0x00DB, 0x00DC, 0x0130, 0x015E, 0x00DF, 0x00E0, 0x00E1, 0x00E2, 0x00E3,
    0x00E4, 0x00E5, 0x00E6, 0x00E7, 0x00E8, 0x00E9, 0x00EA, 0x00EB, 0x00EC, 0x00ED, 0x00EE, 0x00EF,
    0x011F, 0x00F1, 0x00F2, 0x00F3, 0x00F4, 0x00F5, 0x00F6, 0x00F7, 0x00F8, 0x00F9, 0x00FA, 0x00FB,
    0x00FC, 0x0131, 0x015F, 0x00FF,
];

static CP1255: [u16; 256] = [
    0x0000, 0x0001, 0x0002, 0x0003, 0x0004, 0x0005, 0x0006, 0x0007, 0x0008, 0x0009, 0x000A, 0x000B,
    0x000C, 0x000D, 0x000E, 0x000F, 0x0010, 0x0011, 0x0012, 0x0013, 0x0014, 0x0015, 0x0016, 0x0017,
    0x0018, 0x0019, 0x001A, 0x001B, 0x001C, 0x001D, 0x001E, 0x001F, 0x0020, 0x0021, 0x0022, 0x0023,
    0x0024, 0x0025, 0x0026, 0x0027, 0x0028, 0x0029, 0x002A, 0x002B, 0x002C, 0x002D, 0x002E, 0x002F,
    0x0030, 0x0031, 0x0032, 0x0033, 0x0034, 0x0035, 0x0036, 0x0037, 0x0038, 0x0039, 0x003A, 0x003B,
    0x003C, 0x003D, 0x003E, 0x003F, 0x0040, 0x0041, 0x0042, 0x0043, 0x0044, 0x0045, 0x0046, 0x0047,
    0x0048, 0x0049, 0x004A, 0x004B, 0x004C, 0x004D, 0x004E, 0x004F, 0x0050, 0x0051, 0x0052, 0x0053,
    0x0054, 0x0055, 0x0056, 0x0057, 0x0058, 0x0059, 0x005A, 0x005B, 0x005C, 0x005D, 0x005E, 0x005F,
    0x0060, 0x0061, 0x0062, 0x0063, 0x0064, 0x0065, 0x0066, 0x0067, 0x0068, 0x0069, 0x006A, 0x006B,
    0x006C, 0x006D, 0x006E, 0x006F, 0x0070, 0x0071, 0x0072, 0x0073, 0x0074, 0x0075, 0x0076, 0x0077,
    0x0078, 0x0079, 0x007A, 0x007B, 0x007C, 0x007D, 0x007E, 0x007F, 0x20AC, 0xFFFF, 0x201A, 0x0192,
    0x201E, 0x2026, 0x2020, 0x2021, 0x02C6, 0x2030, 0xFFFF, 0x2039, 0xFFFF, 0xFFFF, 0xFFFF, 0xFFFF,
    0xFFFF, 0x2018, 0x2019, 0x201C, 0x201D, 0x2022, 0x2013, 0x2014, 0x02DC, 0x2122, 0xFFFF, 0x203A,
    0xFFFF, 0xFFFF, 0xFFFF, 0xFFFF, 0x00A0, 0x00A1, 0x00A2, 0x00A3, 0x20AA, 0x00A5, 0x00A6, 0x00A7,
    0x00A8, 0x00A9, 0x00D7, 0x00AB, 0x00AC, 0x00AD, 0x00AE, 0x00AF, 0x00B0, 0x00B1, 0x00B2, 0x00B3,
    0x00B4, 0x00B5, 0x00B6, 0x00B7, 0x00B8, 0x00B9, 0x00F7, 0x00BB, 0x00BC, 0x00BD, 0x00BE, 0x00BF,
    0x05B0, 0x05B1, 0x05B2, 0x05B3, 0x05B4, 0x05B5, 0x05B6, 0x05B7, 0x05B8, 0x05B9, 0xFFFF, 0x05BB,
    0x05BC, 0x05BD, 0x05BE, 0x05BF, 0x05C0, 0x05C1, 0x05C2, 0x05C3, 0x05F0, 0x05F1, 0x05F2, 0x05F3,
    0x05F4, 0xFFFF, 0xFFFF, 0xFFFF, 0xFFFF, 0xFFFF, 0xFFFF, 0xFFFF, 0x05D0, 0x05D1, 0x05D2, 0x05D3,
    0x05D4, 0x05D5, 0x05D6, 0x05D7, 0x05D8, 0x05D9, 0x05DA, 0x05DB, 0x05DC, 0x05DD, 0x05DE, 0x05DF,
    0x05E0, 0x05E1, 0x05E2, 0x05E3, 0x05E4, 0x05E5, 0x05E6, 0x05E7, 0x05E8, 0x05E9, 0x05EA, 0xFFFF,
    0xFFFF, 0x200E, 0x200F, 0xFFFF,
];

static CP1256: [u16; 256] = [
    0x0000, 0x0001, 0x0002, 0x0003, 0x0004, 0x0005, 0x0006, 0x0007, 0x0008, 0x0009, 0x000A, 0x000B,
    0x000C, 0x000D, 0x000E, 0x000F, 0x0010, 0x0011, 0x0012, 0x0013, 0x0014, 0x0015, 0x0016, 0x0017,
    0x0018, 0x0019, 0x001A, 0x001B, 0x001C, 0x001D, 0x001E, 0x001F, 0x0020, 0x0021, 0x0022, 0x0023,
    0x0024, 0x0025, 0x0026, 0x0027, 0x0028, 0x0029, 0x002A, 0x002B, 0x002C, 0x002D, 0x002E, 0x002F,
    0x0030, 0x0031, 0x0032, 0x0033, 0x0034, 0x0035, 0x0036, 0x0037, 0x0038, 0x0039, 0x003A, 0x003B,
    0x003C, 0x003D, 0x003E, 0x003F, 0x0040, 0x0041, 0x0042, 0x0043, 0x0044, 0x0045, 0x0046, 0x0047,
    0x0048, 0x0049, 0x004A, 0x004B, 0x004C, 0x004D, 0x004E, 0x004F, 0x0050, 0x0051, 0x0052, 0x0053,
    0x0054, 0x0055, 0x0056, 0x0057, 0x0058, 0x0059, 0x005A, 0x005B, 0x005C, 0x005D, 0x005E, 0x005F,
    0x0060, 0x0061, 0x0062, 0x0063, 0x0064, 0x0065, 0x0066, 0x0067, 0x0068, 0x0069, 0x006A, 0x006B,
    0x006C, 0x006D, 0x006E, 0x006F, 0x0070, 0x0071, 0x0072, 0x0073, 0x0074, 0x0075, 0x0076, 0x0077,
    0x0078, 0x0079, 0x007A, 0x007B, 0x007C, 0x007D, 0x007E, 0x007F, 0x20AC, 0x067E, 0x201A, 0x0192,
    0x201E, 0x2026, 0x2020, 0x2021, 0x02C6, 0x2030, 0x0679, 0x2039, 0x0152, 0x0686, 0x0698, 0x0688,
    0x06AF, 0x2018, 0x2019, 0x201C, 0x201D, 0x2022, 0x2013, 0x2014, 0x06A9, 0x2122, 0x0691, 0x203A,
    0x0153, 0x200C, 0x200D, 0x06BA, 0x00A0, 0x060C, 0x00A2, 0x00A3, 0x00A4, 0x00A5, 0x00A6, 0x00A7,
    0x00A8, 0x00A9, 0x06BE, 0x00AB, 0x00AC, 0x00AD, 0x00AE, 0x00AF, 0x00B0, 0x00B1, 0x00B2, 0x00B3,
    0x00B4, 0x00B5, 0x00B6, 0x00B7, 0x00B8, 0x00B9, 0x061B, 0x00BB, 0x00BC, 0x00BD, 0x00BE, 0x061F,
    0x06C1, 0x0621, 0x0622, 0x0623, 0x0624, 0x0625, 0x0626, 0x0627, 0x0628, 0x0629, 0x062A, 0x062B,
    0x062C, 0x062D, 0x062E, 0x062F, 0x0630, 0x0631, 0x0632, 0x0633, 0x0634, 0x0635, 0x0636, 0x00D7,
    0x0637, 0x0638, 0x0639, 0x063A, 0x0640, 0x0641, 0x0642, 0x0643, 0x00E0, 0x0644, 0x00E2, 0x0645,
    0x0646, 0x0647, 0x0648, 0x00E7, 0x00E8, 0x00E9, 0x00EA, 0x00EB, 0x0649, 0x064A, 0x00EE, 0x00EF,
    0x064B, 0x064C, 0x064D, 0x064E, 0x00F4, 0x064F, 0x0650, 0x00F7, 0x0651, 0x00F9, 0x0652, 0x00FB,
    0x00FC, 0x200E, 0x200F, 0x06D2,
];

static CP1257: [u16; 256] = [
    0x0000, 0x0001, 0x0002, 0x0003, 0x0004, 0x0005, 0x0006, 0x0007, 0x0008, 0x0009, 0x000A, 0x000B,
    0x000C, 0x000D, 0x000E, 0x000F, 0x0010, 0x0011, 0x0012, 0x0013, 0x0014, 0x0015, 0x0016, 0x0017,
    0x0018, 0x0019, 0x001A, 0x001B, 0x001C, 0x001D, 0x001E, 0x001F, 0x0020, 0x0021, 0x0022, 0x0023,
    0x0024, 0x0025, 0x0026, 0x0027, 0x0028, 0x0029, 0x002A, 0x002B, 0x002C, 0x002D, 0x002E, 0x002F,
    0x0030, 0x0031, 0x0032, 0x0033, 0x0034, 0x0035, 0x0036, 0x0037, 0x0038, 0x0039, 0x003A, 0x003B,
    0x003C, 0x003D, 0x003E, 0x003F, 0x0040, 0x0041, 0x0042, 0x0043, 0x0044, 0x0045, 0x0046, 0x0047,
    0x0048, 0x0049, 0x004A, 0x004B, 0x004C, 0x004D, 0x004E, 0x004F, 0x0050, 0x0051, 0x0052, 0x0053,
    0x0054, 0x0055, 0x0056, 0x0057, 0x0058, 0x0059, 0x005A, 0x005B, 0x005C, 0x005D, 0x005E, 0x005F,
    0x0060, 0x0061, 0x0062, 0x0063, 0x0064, 0x0065, 0x0066, 0x0067, 0x0068, 0x0069, 0x006A, 0x006B,
    0x006C, 0x006D, 0x006E, 0x006F, 0x0070, 0x0071, 0x0072, 0x0073, 0x0074, 0x0075, 0x0076, 0x0077,
    0x0078, 0x0079, 0x007A, 0x007B, 0x007C, 0x007D, 0x007E, 0x007F, 0x20AC, 0xFFFF, 0x201A, 0xFFFF,
    0x201E, 0x2026, 0x2020, 0x2021, 0xFFFF, 0x2030, 0xFFFF, 0x2039, 0xFFFF, 0x00A8, 0x02C7, 0x00B8,
    0xFFFF, 0x2018, 0x2019, 0x201C, 0x201D, 0x2022, 0x2013, 0x2014, 0xFFFF, 0x2122, 0xFFFF, 0x203A,
    0xFFFF, 0x00AF, 0x02DB, 0xFFFF, 0x00A0, 0xFFFF, 0x00A2, 0x00A3, 0x00A4, 0xFFFF, 0x00A6, 0x00A7,
    0x00D8, 0x00A9, 0x0156, 0x00AB, 0x00AC, 0x00AD, 0x00AE, 0x00C6, 0x00B0, 0x00B1, 0x00B2, 0x00B3,
    0x00B4, 0x00B5, 0x00B6, 0x00B7, 0x00F8, 0x00B9, 0x0157, 0x00BB, 0x00BC, 0x00BD, 0x00BE, 0x00E6,
    0x0104, 0x012E, 0x0100, 0x0106, 0x00C4, 0x00C5, 0x0118, 0x0112, 0x010C, 0x00C9, 0x0179, 0x0116,
    0x0122, 0x0136, 0x012A, 0x013B, 0x0160, 0x0143, 0x0145, 0x00D3, 0x014C, 0x00D5, 0x00D6, 0x00D7,
    0x0172, 0x0141, 0x015A, 0x016A, 0x00DC, 0x017B, 0x017D, 0x00DF, 0x0105, 0x012F, 0x0101, 0x0107,
    0x00E4, 0x00E5, 0x0119, 0x0113, 0x010D, 0x00E9, 0x017A, 0x0117, 0x0123, 0x0137, 0x012B, 0x013C,
    0x0161, 0x0144, 0x0146, 0x00F3, 0x014D, 0x00F5, 0x00F6, 0x00F7, 0x0173, 0x0142, 0x015B, 0x016B,
    0x00FC, 0x017C, 0x017E, 0x02D9,
];

static CP1258: [u16; 256] = [
    0x0000, 0x0001, 0x0002, 0x0003, 0x0004, 0x0005, 0x0006, 0x0007, 0x0008, 0x0009, 0x000A, 0x000B,
    0x000C, 0x000D, 0x000E, 0x000F, 0x0010, 0x0011, 0x0012, 0x0013, 0x0014, 0x0015, 0x0016, 0x0017,
    0x0018, 0x0019, 0x001A, 0x001B, 0x001C, 0x001D, 0x001E, 0x001F, 0x0020, 0x0021, 0x0022, 0x0023,
    0x0024, 0x0025, 0x0026, 0x0027, 0x0028, 0x0029, 0x002A, 0x002B, 0x002C, 0x002D, 0x002E, 0x002F,
    0x0030, 0x0031, 0x0032, 0x0033, 0x0034, 0x0035, 0x0036, 0x0037, 0x0038, 0x0039, 0x003A, 0x003B,
    0x003C, 0x003D, 0x003E, 0x003F, 0x0040, 0x0041, 0x0042, 0x0043, 0x0044, 0x0045, 0x0046, 0x0047,
    0x0048, 0x0049, 0x004A, 0x004B, 0x004C, 0x004D, 0x004E, 0x004F, 0x0050, 0x0051, 0x0052, 0x0053,
    0x0054, 0x0055, 0x0056, 0x0057, 0x0058, 0x0059, 0x005A, 0x005B, 0x005C, 0x005D, 0x005E, 0x005F,
    0x0060, 0x0061, 0x0062, 0x0063, 0x0064, 0x0065, 0x0066, 0x0067, 0x0068, 0x0069, 0x006A, 0x006B,
    0x006C, 0x006D, 0x006E, 0x006F, 0x0070, 0x0071, 0x0072, 0x0073, 0x0074, 0x0075, 0x0076, 0x0077,
    0x0078, 0x0079, 0x007A, 0x007B, 0x007C, 0x007D, 0x007E, 0x007F, 0x20AC, 0xFFFF, 0x201A, 0x0192,
    0x201E, 0x2026, 0x2020, 0x2021, 0x02C6, 0x2030, 0xFFFF, 0x2039, 0x0152, 0xFFFF, 0xFFFF, 0xFFFF,
    0xFFFF, 0x2018, 0x2019, 0x201C, 0x201D, 0x2022, 0x2013, 0x2014, 0x02DC, 0x2122, 0xFFFF, 0x203A,
    0x0153, 0xFFFF, 0xFFFF, 0x0178, 0x00A0, 0x00A1, 0x00A2, 0x00A3, 0x00A4, 0x00A5, 0x00A6, 0x00A7,
    0x00A8, 0x00A9, 0x00AA, 0x00AB, 0x00AC, 0x00AD, 0x00AE, 0x00AF, 0x00B0, 0x00B1, 0x00B2, 0x00B3,
    0x00B4, 0x00B5, 0x00B6, 0x00B7, 0x00B8, 0x00B9, 0x00BA, 0x00BB, 0x00BC, 0x00BD, 0x00BE, 0x00BF,
    0x00C0, 0x00C1, 0x00C2, 0x0102, 0x00C4, 0x00C5, 0x00C6, 0x00C7, 0x00C8, 0x00C9, 0x00CA, 0x00CB,
    0x0300, 0x00CD, 0x00CE, 0x00CF, 0x0110, 0x00D1, 0x0309, 0x00D3, 0x00D4, 0x01A0, 0x00D6, 0x00D7,
    0x00D8, 0x00D9, 0x00DA, 0x00DB, 0x00DC, 0x01AF, 0x0303, 0x00DF, 0x00E0, 0x00E1, 0x00E2, 0x0103,
    0x00E4, 0x00E5, 0x00E6, 0x00E7, 0x00E8, 0x00E9, 0x00EA, 0x00EB, 0x0301, 0x00ED, 0x00EE, 0x00EF,
    0x0111, 0x00F1, 0x0323, 0x00F3, 0x00F4, 0x01A1, 0x00F6, 0x00F7, 0x00F8, 0x00F9, 0x00FA, 0x00FB,
    0x00FC, 0x01B0, 0x20AB, 0x00FF,
];

static CP273: [u16; 256] = [
    0x0000, 0x0001, 0x0002, 0x0003, 0x009C, 0x0009, 0x0086, 0x007F, 0x0097, 0x008D, 0x008E, 0x000B,
    0x000C, 0x000D, 0x000E, 0x000F, 0x0010, 0x0011, 0x0012, 0x0013, 0x009D, 0x0085, 0x0008, 0x0087,
    0x0018, 0x0019, 0x0092, 0x008F, 0x001C, 0x001D, 0x001E, 0x001F, 0x0080, 0x0081, 0x0082, 0x0083,
    0x0084, 0x000A, 0x0017, 0x001B, 0x0088, 0x0089, 0x008A, 0x008B, 0x008C, 0x0005, 0x0006, 0x0007,
    0x0090, 0x0091, 0x0016, 0x0093, 0x0094, 0x0095, 0x0096, 0x0004, 0x0098, 0x0099, 0x009A, 0x009B,
    0x0014, 0x0015, 0x009E, 0x001A, 0x0020, 0x00A0, 0x00E2, 0x007B, 0x00E0, 0x00E1, 0x00E3, 0x00E5,
    0x00E7, 0x00F1, 0x00C4, 0x002E, 0x003C, 0x0028, 0x002B, 0x0021, 0x0026, 0x00E9, 0x00EA, 0x00EB,
    0x00E8, 0x00ED, 0x00EE, 0x00EF, 0x00EC, 0x007E, 0x00DC, 0x0024, 0x002A, 0x0029, 0x003B, 0x005E,
    0x002D, 0x002F, 0x00C2, 0x005B, 0x00C0, 0x00C1, 0x00C3, 0x00C5, 0x00C7, 0x00D1, 0x00F6, 0x002C,
    0x0025, 0x005F, 0x003E, 0x003F, 0x00F8, 0x00C9, 0x00CA, 0x00CB, 0x00C8, 0x00CD, 0x00CE, 0x00CF,
    0x00CC, 0x0060, 0x003A, 0x0023, 0x00A7, 0x0027, 0x003D, 0x0022, 0x00D8, 0x0061, 0x0062, 0x0063,
    0x0064, 0x0065, 0x0066, 0x0067, 0x0068, 0x0069, 0x00AB, 0x00BB, 0x00F0, 0x00FD, 0x00FE, 0x00B1,
    0x00B0, 0x006A, 0x006B, 0x006C, 0x006D, 0x006E, 0x006F, 0x0070, 0x0071, 0x0072, 0x00AA, 0x00BA,
    0x00E6, 0x00B8, 0x00C6, 0x00A4, 0x00B5, 0x00DF, 0x0073, 0x0074, 0x0075, 0x0076, 0x0077, 0x0078,
    0x0079, 0x007A, 0x00A1, 0x00BF, 0x00D0, 0x00DD, 0x00DE, 0x00AE, 0x00A2, 0x00A3, 0x00A5, 0x00B7,
    0x00A9, 0x0040, 0x00B6, 0x00BC, 0x00BD, 0x00BE, 0x00AC, 0x007C, 0x203E, 0x00A8, 0x00B4, 0x00D7,
    0x00E4, 0x0041, 0x0042, 0x0043, 0x0044, 0x0045, 0x0046, 0x0047, 0x0048, 0x0049, 0x00AD, 0x00F4,
    0x00A6, 0x00F2, 0x00F3, 0x00F5, 0x00FC, 0x004A, 0x004B, 0x004C, 0x004D, 0x004E, 0x004F, 0x0050,
    0x0051, 0x0052, 0x00B9, 0x00FB, 0x007D, 0x00F9, 0x00FA, 0x00FF, 0x00D6, 0x00F7, 0x0053, 0x0054,
    0x0055, 0x0056, 0x0057, 0x0058, 0x0059, 0x005A, 0x00B2, 0x00D4, 0x005C, 0x00D2, 0x00D3, 0x00D5,
    0x0030, 0x0031, 0x0032, 0x0033, 0x0034, 0x0035, 0x0036, 0x0037, 0x0038, 0x0039, 0x00B3, 0x00DB,
    0x005D, 0x00D9, 0x00DA, 0x009F,
];

static CP424: [u16; 256] = [
    0x0000, 0x0001, 0x0002, 0x0003, 0x009C, 0x0009, 0x0086, 0x007F, 0x0097, 0x008D, 0x008E, 0x000B,
    0x000C, 0x000D, 0x000E, 0x000F, 0x0010, 0x0011, 0x0012, 0x0013, 0x009D, 0x0085, 0x0008, 0x0087,
    0x0018, 0x0019, 0x0092, 0x008F, 0x001C, 0x001D, 0x001E, 0x001F, 0x0080, 0x0081, 0x0082, 0x0083,
    0x0084, 0x000A, 0x0017, 0x001B, 0x0088, 0x0089, 0x008A, 0x008B, 0x008C, 0x0005, 0x0006, 0x0007,
    0x0090, 0x0091, 0x0016, 0x0093, 0x0094, 0x0095, 0x0096, 0x0004, 0x0098, 0x0099, 0x009A, 0x009B,
    0x0014, 0x0015, 0x009E, 0x001A, 0x0020, 0x05D0, 0x05D1, 0x05D2, 0x05D3, 0x05D4, 0x05D5, 0x05D6,
    0x05D7, 0x05D8, 0x00A2, 0x002E, 0x003C, 0x0028, 0x002B, 0x007C, 0x0026, 0x05D9, 0x05DA, 0x05DB,
    0x05DC, 0x05DD, 0x05DE, 0x05DF, 0x05E0, 0x05E1, 0x0021, 0x0024, 0x002A, 0x0029, 0x003B, 0x00AC,
    0x002D, 0x002F, 0x05E2, 0x05E3, 0x05E4, 0x05E5, 0x05E6, 0x05E7, 0x05E8, 0x05E9, 0x00A6, 0x002C,
    0x0025, 0x005F, 0x003E, 0x003F, 0xFFFF, 0x05EA, 0xFFFF, 0xFFFF, 0x00A0, 0xFFFF, 0xFFFF, 0xFFFF,
    0x2017, 0x0060, 0x003A, 0x0023, 0x0040, 0x0027, 0x003D, 0x0022, 0xFFFF, 0x0061, 0x0062, 0x0063,
    0x0064, 0x0065, 0x0066, 0x0067, 0x0068, 0x0069, 0x00AB, 0x00BB, 0xFFFF, 0xFFFF, 0xFFFF, 0x00B1,
    0x00B0, 0x006A, 0x006B, 0x006C, 0x006D, 0x006E, 0x006F, 0x0070, 0x0071, 0x0072, 0xFFFF, 0xFFFF,
    0xFFFF, 0x00B8, 0xFFFF, 0x00A4, 0x00B5, 0x007E, 0x0073, 0x0074, 0x0075, 0x0076, 0x0077, 0x0078,
    0x0079, 0x007A, 0xFFFF, 0xFFFF, 0xFFFF, 0xFFFF, 0xFFFF, 0x00AE, 0x005E, 0x00A3, 0x00A5, 0x00B7,
    0x00A9, 0x00A7, 0x00B6, 0x00BC, 0x00BD, 0x00BE, 0x005B, 0x005D, 0x00AF, 0x00A8, 0x00B4, 0x00D7,
    0x007B, 0x0041, 0x0042, 0x0043, 0x0044, 0x0045, 0x0046, 0x0047, 0x0048, 0x0049, 0x00AD, 0xFFFF,
    0xFFFF, 0xFFFF, 0xFFFF, 0xFFFF, 0x007D, 0x004A, 0x004B, 0x004C, 0x004D, 0x004E, 0x004F, 0x0050,
    0x0051, 0x0052, 0x00B9, 0xFFFF, 0xFFFF, 0xFFFF, 0xFFFF, 0xFFFF, 0x005C, 0x00F7, 0x0053, 0x0054,
    0x0055, 0x0056, 0x0057, 0x0058, 0x0059, 0x005A, 0x00B2, 0xFFFF, 0xFFFF, 0xFFFF, 0xFFFF, 0xFFFF,
    0x0030, 0x0031, 0x0032, 0x0033, 0x0034, 0x0035, 0x0036, 0x0037, 0x0038, 0x0039, 0x00B3, 0xFFFF,
    0xFFFF, 0xFFFF, 0xFFFF, 0x009F,
];

static CP437: [u16; 256] = [
    0x0000, 0x0001, 0x0002, 0x0003, 0x0004, 0x0005, 0x0006, 0x0007, 0x0008, 0x0009, 0x000A, 0x000B,
    0x000C, 0x000D, 0x000E, 0x000F, 0x0010, 0x0011, 0x0012, 0x0013, 0x0014, 0x0015, 0x0016, 0x0017,
    0x0018, 0x0019, 0x001A, 0x001B, 0x001C, 0x001D, 0x001E, 0x001F, 0x0020, 0x0021, 0x0022, 0x0023,
    0x0024, 0x0025, 0x0026, 0x0027, 0x0028, 0x0029, 0x002A, 0x002B, 0x002C, 0x002D, 0x002E, 0x002F,
    0x0030, 0x0031, 0x0032, 0x0033, 0x0034, 0x0035, 0x0036, 0x0037, 0x0038, 0x0039, 0x003A, 0x003B,
    0x003C, 0x003D, 0x003E, 0x003F, 0x0040, 0x0041, 0x0042, 0x0043, 0x0044, 0x0045, 0x0046, 0x0047,
    0x0048, 0x0049, 0x004A, 0x004B, 0x004C, 0x004D, 0x004E, 0x004F, 0x0050, 0x0051, 0x0052, 0x0053,
    0x0054, 0x0055, 0x0056, 0x0057, 0x0058, 0x0059, 0x005A, 0x005B, 0x005C, 0x005D, 0x005E, 0x005F,
    0x0060, 0x0061, 0x0062, 0x0063, 0x0064, 0x0065, 0x0066, 0x0067, 0x0068, 0x0069, 0x006A, 0x006B,
    0x006C, 0x006D, 0x006E, 0x006F, 0x0070, 0x0071, 0x0072, 0x0073, 0x0074, 0x0075, 0x0076, 0x0077,
    0x0078, 0x0079, 0x007A, 0x007B, 0x007C, 0x007D, 0x007E, 0x007F, 0x00C7, 0x00FC, 0x00E9, 0x00E2,
    0x00E4, 0x00E0, 0x00E5, 0x00E7, 0x00EA, 0x00EB, 0x00E8, 0x00EF, 0x00EE, 0x00EC, 0x00C4, 0x00C5,
    0x00C9, 0x00E6, 0x00C6, 0x00F4, 0x00F6, 0x00F2, 0x00FB, 0x00F9, 0x00FF, 0x00D6, 0x00DC, 0x00A2,
    0x00A3, 0x00A5, 0x20A7, 0x0192, 0x00E1, 0x00ED, 0x00F3, 0x00FA, 0x00F1, 0x00D1, 0x00AA, 0x00BA,
    0x00BF, 0x2310, 0x00AC, 0x00BD, 0x00BC, 0x00A1, 0x00AB, 0x00BB, 0x2591, 0x2592, 0x2593, 0x2502,
    0x2524, 0x2561, 0x2562, 0x2556, 0x2555, 0x2563, 0x2551, 0x2557, 0x255D, 0x255C, 0x255B, 0x2510,
    0x2514, 0x2534, 0x252C, 0x251C, 0x2500, 0x253C, 0x255E, 0x255F, 0x255A, 0x2554, 0x2569, 0x2566,
    0x2560, 0x2550, 0x256C, 0x2567, 0x2568, 0x2564, 0x2565, 0x2559, 0x2558, 0x2552, 0x2553, 0x256B,
    0x256A, 0x2518, 0x250C, 0x2588, 0x2584, 0x258C, 0x2590, 0x2580, 0x03B1, 0x00DF, 0x0393, 0x03C0,
    0x03A3, 0x03C3, 0x00B5, 0x03C4, 0x03A6, 0x0398, 0x03A9, 0x03B4, 0x221E, 0x03C6, 0x03B5, 0x2229,
    0x2261, 0x00B1, 0x2265, 0x2264, 0x2320, 0x2321, 0x00F7, 0x2248, 0x00B0, 0x2219, 0x00B7, 0x221A,
    0x207F, 0x00B2, 0x25A0, 0x00A0,
];

static CP500: [u16; 256] = [
    0x0000, 0x0001, 0x0002, 0x0003, 0x009C, 0x0009, 0x0086, 0x007F, 0x0097, 0x008D, 0x008E, 0x000B,
    0x000C, 0x000D, 0x000E, 0x000F, 0x0010, 0x0011, 0x0012, 0x0013, 0x009D, 0x0085, 0x0008, 0x0087,
    0x0018, 0x0019, 0x0092, 0x008F, 0x001C, 0x001D, 0x001E, 0x001F, 0x0080, 0x0081, 0x0082, 0x0083,
    0x0084, 0x000A, 0x0017, 0x001B, 0x0088, 0x0089, 0x008A, 0x008B, 0x008C, 0x0005, 0x0006, 0x0007,
    0x0090, 0x0091, 0x0016, 0x0093, 0x0094, 0x0095, 0x0096, 0x0004, 0x0098, 0x0099, 0x009A, 0x009B,
    0x0014, 0x0015, 0x009E, 0x001A, 0x0020, 0x00A0, 0x00E2, 0x00E4, 0x00E0, 0x00E1, 0x00E3, 0x00E5,
    0x00E7, 0x00F1, 0x005B, 0x002E, 0x003C, 0x0028, 0x002B, 0x0021, 0x0026, 0x00E9, 0x00EA, 0x00EB,
    0x00E8, 0x00ED, 0x00EE, 0x00EF, 0x00EC, 0x00DF, 0x005D, 0x0024, 0x002A, 0x0029, 0x003B, 0x005E,
    0x002D, 0x002F, 0x00C2, 0x00C4, 0x00C0, 0x00C1, 0x00C3, 0x00C5, 0x00C7, 0x00D1, 0x00A6, 0x002C,
    0x0025, 0x005F, 0x003E, 0x003F, 0x00F8, 0x00C9, 0x00CA, 0x00CB, 0x00C8, 0x00CD, 0x00CE, 0x00CF,
    0x00CC, 0x0060, 0x003A, 0x0023, 0x0040, 0x0027, 0x003D, 0x0022, 0x00D8, 0x0061, 0x0062, 0x0063,
    0x0064, 0x0065, 0x0066, 0x0067, 0x0068, 0x0069, 0x00AB, 0x00BB, 0x00F0, 0x00FD, 0x00FE, 0x00B1,
    0x00B0, 0x006A, 0x006B, 0x006C, 0x006D, 0x006E, 0x006F, 0x0070, 0x0071, 0x0072, 0x00AA, 0x00BA,
    0x00E6, 0x00B8, 0x00C6, 0x00A4, 0x00B5, 0x007E, 0x0073, 0x0074, 0x0075, 0x0076, 0x0077, 0x0078,
    0x0079, 0x007A, 0x00A1, 0x00BF, 0x00D0, 0x00DD, 0x00DE, 0x00AE, 0x00A2, 0x00A3, 0x00A5, 0x00B7,
    0x00A9, 0x00A7, 0x00B6, 0x00BC, 0x00BD, 0x00BE, 0x00AC, 0x007C, 0x00AF, 0x00A8, 0x00B4, 0x00D7,
    0x007B, 0x0041, 0x0042, 0x0043, 0x0044, 0x0045, 0x0046, 0x0047, 0x0048, 0x0049, 0x00AD, 0x00F4,
    0x00F6, 0x00F2, 0x00F3, 0x00F5, 0x007D, 0x004A, 0x004B, 0x004C, 0x004D, 0x004E, 0x004F, 0x0050,
    0x0051, 0x0052, 0x00B9, 0x00FB, 0x00FC, 0x00F9, 0x00FA, 0x00FF, 0x005C, 0x00F7, 0x0053, 0x0054,
    0x0055, 0x0056, 0x0057, 0x0058, 0x0059, 0x005A, 0x00B2, 0x00D4, 0x00D6, 0x00D2, 0x00D3, 0x00D5,
    0x0030, 0x0031, 0x0032, 0x0033, 0x0034, 0x0035, 0x0036, 0x0037, 0x0038, 0x0039, 0x00B3, 0x00DB,
    0x00DC, 0x00D9, 0x00DA, 0x009F,
];

static CP720: [u16; 256] = [
    0x0000, 0x0001, 0x0002, 0x0003, 0x0004, 0x0005, 0x0006, 0x0007, 0x0008, 0x0009, 0x000A, 0x000B,
    0x000C, 0x000D, 0x000E, 0x000F, 0x0010, 0x0011, 0x0012, 0x0013, 0x0014, 0x0015, 0x0016, 0x0017,
    0x0018, 0x0019, 0x001A, 0x001B, 0x001C, 0x001D, 0x001E, 0x001F, 0x0020, 0x0021, 0x0022, 0x0023,
    0x0024, 0x0025, 0x0026, 0x0027, 0x0028, 0x0029, 0x002A, 0x002B, 0x002C, 0x002D, 0x002E, 0x002F,
    0x0030, 0x0031, 0x0032, 0x0033, 0x0034, 0x0035, 0x0036, 0x0037, 0x0038, 0x0039, 0x003A, 0x003B,
    0x003C, 0x003D, 0x003E, 0x003F, 0x0040, 0x0041, 0x0042, 0x0043, 0x0044, 0x0045, 0x0046, 0x0047,
    0x0048, 0x0049, 0x004A, 0x004B, 0x004C, 0x004D, 0x004E, 0x004F, 0x0050, 0x0051, 0x0052, 0x0053,
    0x0054, 0x0055, 0x0056, 0x0057, 0x0058, 0x0059, 0x005A, 0x005B, 0x005C, 0x005D, 0x005E, 0x005F,
    0x0060, 0x0061, 0x0062, 0x0063, 0x0064, 0x0065, 0x0066, 0x0067, 0x0068, 0x0069, 0x006A, 0x006B,
    0x006C, 0x006D, 0x006E, 0x006F, 0x0070, 0x0071, 0x0072, 0x0073, 0x0074, 0x0075, 0x0076, 0x0077,
    0x0078, 0x0079, 0x007A, 0x007B, 0x007C, 0x007D, 0x007E, 0x007F, 0x0080, 0x0081, 0x00E9, 0x00E2,
    0x0084, 0x00E0, 0x0086, 0x00E7, 0x00EA, 0x00EB, 0x00E8, 0x00EF, 0x00EE, 0x008D, 0x008E, 0x008F,
    0x0090, 0x0651, 0x0652, 0x00F4, 0x00A4, 0x0640, 0x00FB, 0x00F9, 0x0621, 0x0622, 0x0623, 0x0624,
    0x00A3, 0x0625, 0x0626, 0x0627, 0x0628, 0x0629, 0x062A, 0x062B, 0x062C, 0x062D, 0x062E, 0x062F,
    0x0630, 0x0631, 0x0632, 0x0633, 0x0634, 0x0635, 0x00AB, 0x00BB, 0x2591, 0x2592, 0x2593, 0x2502,
    0x2524, 0x2561, 0x2562, 0x2556, 0x2555, 0x2563, 0x2551, 0x2557, 0x255D, 0x255C, 0x255B, 0x2510,
    0x2514, 0x2534, 0x252C, 0x251C, 0x2500, 0x253C, 0x255E, 0x255F, 0x255A, 0x2554, 0x2569, 0x2566,
    0x2560, 0x2550, 0x256C, 0x2567, 0x2568, 0x2564, 0x2565, 0x2559, 0x2558, 0x2552, 0x2553, 0x256B,
    0x256A, 0x2518, 0x250C, 0x2588, 0x2584, 0x258C, 0x2590, 0x2580, 0x0636, 0x0637, 0x0638, 0x0639,
    0x063A, 0x0641, 0x00B5, 0x0642, 0x0643, 0x0644, 0x0645, 0x0646, 0x0647, 0x0648, 0x0649, 0x064A,
    0x2261, 0x064B, 0x064C, 0x064D, 0x064E, 0x064F, 0x0650, 0x2248, 0x00B0, 0x2219, 0x00B7, 0x221A,
    0x207F, 0x00B2, 0x25A0, 0x00A0,
];

static CP737: [u16; 256] = [
    0x0000, 0x0001, 0x0002, 0x0003, 0x0004, 0x0005, 0x0006, 0x0007, 0x0008, 0x0009, 0x000A, 0x000B,
    0x000C, 0x000D, 0x000E, 0x000F, 0x0010, 0x0011, 0x0012, 0x0013, 0x0014, 0x0015, 0x0016, 0x0017,
    0x0018, 0x0019, 0x001A, 0x001B, 0x001C, 0x001D, 0x001E, 0x001F, 0x0020, 0x0021, 0x0022, 0x0023,
    0x0024, 0x0025, 0x0026, 0x0027, 0x0028, 0x0029, 0x002A, 0x002B, 0x002C, 0x002D, 0x002E, 0x002F,
    0x0030, 0x0031, 0x0032, 0x0033, 0x0034, 0x0035, 0x0036, 0x0037, 0x0038, 0x0039, 0x003A, 0x003B,
    0x003C, 0x003D, 0x003E, 0x003F, 0x0040, 0x0041, 0x0042, 0x0043, 0x0044, 0x0045, 0x0046, 0x0047,
    0x0048, 0x0049, 0x004A, 0x004B, 0x004C, 0x004D, 0x004E, 0x004F, 0x0050, 0x0051, 0x0052, 0x0053,
    0x0054, 0x0055, 0x0056, 0x0057, 0x0058, 0x0059, 0x005A, 0x005B, 0x005C, 0x005D, 0x005E, 0x005F,
    0x0060, 0x0061, 0x0062, 0x0063, 0x0064, 0x0065, 0x0066, 0x0067, 0x0068, 0x0069, 0x006A, 0x006B,
    0x006C, 0x006D, 0x006E, 0x006F, 0x0070, 0x0071, 0x0072, 0x0073, 0x0074, 0x0075, 0x0076, 0x0077,
    0x0078, 0x0079, 0x007A, 0x007B, 0x007C, 0x007D, 0x007E, 0x007F, 0x0391, 0x0392, 0x0393, 0x0394,
    0x0395, 0x0396, 0x0397, 0x0398, 0x0399, 0x039A, 0x039B, 0x039C, 0x039D, 0x039E, 0x039F, 0x03A0,
    0x03A1, 0x03A3, 0x03A4, 0x03A5, 0x03A6, 0x03A7, 0x03A8, 0x03A9, 0x03B1, 0x03B2, 0x03B3, 0x03B4,
    0x03B5, 0x03B6, 0x03B7, 0x03B8, 0x03B9, 0x03BA, 0x03BB, 0x03BC, 0x03BD, 0x03BE, 0x03BF, 0x03C0,
    0x03C1, 0x03C3, 0x03C2, 0x03C4, 0x03C5, 0x03C6, 0x03C7, 0x03C8, 0x2591, 0x2592, 0x2593, 0x2502,
    0x2524, 0x2561, 0x2562, 0x2556, 0x2555, 0x2563, 0x2551, 0x2557, 0x255D, 0x255C, 0x255B, 0x2510,
    0x2514, 0x2534, 0x252C, 0x251C, 0x2500, 0x253C, 0x255E, 0x255F, 0x255A, 0x2554, 0x2569, 0x2566,
    0x2560, 0x2550, 0x256C, 0x2567, 0x2568, 0x2564, 0x2565, 0x2559, 0x2558, 0x2552, 0x2553, 0x256B,
    0x256A, 0x2518, 0x250C, 0x2588, 0x2584, 0x258C, 0x2590, 0x2580, 0x03C9, 0x03AC, 0x03AD, 0x03AE,
    0x03CA, 0x03AF, 0x03CC, 0x03CD, 0x03CB, 0x03CE, 0x0386, 0x0388, 0x0389, 0x038A, 0x038C, 0x038E,
    0x038F, 0x00B1, 0x2265, 0x2264, 0x03AA, 0x03AB, 0x00F7, 0x2248, 0x00B0, 0x2219, 0x00B7, 0x221A,
    0x207F, 0x00B2, 0x25A0, 0x00A0,
];

static CP775: [u16; 256] = [
    0x0000, 0x0001, 0x0002, 0x0003, 0x0004, 0x0005, 0x0006, 0x0007, 0x0008, 0x0009, 0x000A, 0x000B,
    0x000C, 0x000D, 0x000E, 0x000F, 0x0010, 0x0011, 0x0012, 0x0013, 0x0014, 0x0015, 0x0016, 0x0017,
    0x0018, 0x0019, 0x001A, 0x001B, 0x001C, 0x001D, 0x001E, 0x001F, 0x0020, 0x0021, 0x0022, 0x0023,
    0x0024, 0x0025, 0x0026, 0x0027, 0x0028, 0x0029, 0x002A, 0x002B, 0x002C, 0x002D, 0x002E, 0x002F,
    0x0030, 0x0031, 0x0032, 0x0033, 0x0034, 0x0035, 0x0036, 0x0037, 0x0038, 0x0039, 0x003A, 0x003B,
    0x003C, 0x003D, 0x003E, 0x003F, 0x0040, 0x0041, 0x0042, 0x0043, 0x0044, 0x0045, 0x0046, 0x0047,
    0x0048, 0x0049, 0x004A, 0x004B, 0x004C, 0x004D, 0x004E, 0x004F, 0x0050, 0x0051, 0x0052, 0x0053,
    0x0054, 0x0055, 0x0056, 0x0057, 0x0058, 0x0059, 0x005A, 0x005B, 0x005C, 0x005D, 0x005E, 0x005F,
    0x0060, 0x0061, 0x0062, 0x0063, 0x0064, 0x0065, 0x0066, 0x0067, 0x0068, 0x0069, 0x006A, 0x006B,
    0x006C, 0x006D, 0x006E, 0x006F, 0x0070, 0x0071, 0x0072, 0x0073, 0x0074, 0x0075, 0x0076, 0x0077,
    0x0078, 0x0079, 0x007A, 0x007B, 0x007C, 0x007D, 0x007E, 0x007F, 0x0106, 0x00FC, 0x00E9, 0x0101,
    0x00E4, 0x0123, 0x00E5, 0x0107, 0x0142, 0x0113, 0x0156, 0x0157, 0x012B, 0x0179, 0x00C4, 0x00C5,
    0x00C9, 0x00E6, 0x00C6, 0x014D, 0x00F6, 0x0122, 0x00A2, 0x015A, 0x015B, 0x00D6, 0x00DC, 0x00F8,
    0x00A3, 0x00D8, 0x00D7, 0x00A4, 0x0100, 0x012A, 0x00F3, 0x017B, 0x017C, 0x017A, 0x201D, 0x00A6,
    0x00A9, 0x00AE, 0x00AC, 0x00BD, 0x00BC, 0x0141, 0x00AB, 0x00BB, 0x2591, 0x2592, 0x2593, 0x2502,
    0x2524, 0x0104, 0x010C, 0x0118, 0x0116, 0x2563, 0x2551, 0x2557, 0x255D, 0x012E, 0x0160, 0x2510,
    0x2514, 0x2534, 0x252C, 0x251C, 0x2500, 0x253C, 0x0172, 0x016A, 0x255A, 0x2554, 0x2569, 0x2566,
    0x2560, 0x2550, 0x256C, 0x017D, 0x0105, 0x010D, 0x0119, 0x0117, 0x012F, 0x0161, 0x0173, 0x016B,
    0x017E, 0x2518, 0x250C, 0x2588, 0x2584, 0x258C, 0x2590, 0x2580, 0x00D3, 0x00DF, 0x014C, 0x0143,
    0x00F5, 0x00D5, 0x00B5, 0x0144, 0x0136, 0x0137, 0x013B, 0x013C, 0x0146, 0x0112, 0x0145, 0x2019,
    0x00AD, 0x00B1, 0x201C, 0x00BE, 0x00B6, 0x00A7, 0x00F7, 0x201E, 0x00B0, 0x2219, 0x00B7, 0x00B9,
    0x00B3, 0x00B2, 0x25A0, 0x00A0,
];

static CP850: [u16; 256] = [
    0x0000, 0x0001, 0x0002, 0x0003, 0x0004, 0x0005, 0x0006, 0x0007, 0x0008, 0x0009, 0x000A, 0x000B,
    0x000C, 0x000D, 0x000E, 0x000F, 0x0010, 0x0011, 0x0012, 0x0013, 0x0014, 0x0015, 0x0016, 0x0017,
    0x0018, 0x0019, 0x001A, 0x001B, 0x001C, 0x001D, 0x001E, 0x001F, 0x0020, 0x0021, 0x0022, 0x0023,
    0x0024, 0x0025, 0x0026, 0x0027, 0x0028, 0x0029, 0x002A, 0x002B, 0x002C, 0x002D, 0x002E, 0x002F,
    0x0030, 0x0031, 0x0032, 0x0033, 0x0034, 0x0035, 0x0036, 0x0037, 0x0038, 0x0039, 0x003A, 0x003B,
    0x003C, 0x003D, 0x003E, 0x003F, 0x0040, 0x0041, 0x0042, 0x0043, 0x0044, 0x0045, 0x0046, 0x0047,
    0x0048, 0x0049, 0x004A, 0x004B, 0x004C, 0x004D, 0x004E, 0x004F, 0x0050, 0x0051, 0x0052, 0x0053,
    0x0054, 0x0055, 0x0056, 0x0057, 0x0058, 0x0059, 0x005A, 0x005B, 0x005C, 0x005D, 0x005E, 0x005F,
    0x0060, 0x0061, 0x0062, 0x0063, 0x0064, 0x0065, 0x0066, 0x0067, 0x0068, 0x0069, 0x006A, 0x006B,
    0x006C, 0x006D, 0x006E, 0x006F, 0x0070, 0x0071, 0x0072, 0x0073, 0x0074, 0x0075, 0x0076, 0x0077,
    0x0078, 0x0079, 0x007A, 0x007B, 0x007C, 0x007D, 0x007E, 0x007F, 0x00C7, 0x00FC, 0x00E9, 0x00E2,
    0x00E4, 0x00E0, 0x00E5, 0x00E7, 0x00EA, 0x00EB, 0x00E8, 0x00EF, 0x00EE, 0x00EC, 0x00C4, 0x00C5,
    0x00C9, 0x00E6, 0x00C6, 0x00F4, 0x00F6, 0x00F2, 0x00FB, 0x00F9, 0x00FF, 0x00D6, 0x00DC, 0x00F8,
    0x00A3, 0x00D8, 0x00D7, 0x0192, 0x00E1, 0x00ED, 0x00F3, 0x00FA, 0x00F1, 0x00D1, 0x00AA, 0x00BA,
    0x00BF, 0x00AE, 0x00AC, 0x00BD, 0x00BC, 0x00A1, 0x00AB, 0x00BB, 0x2591, 0x2592, 0x2593, 0x2502,
    0x2524, 0x00C1, 0x00C2, 0x00C0, 0x00A9, 0x2563, 0x2551, 0x2557, 0x255D, 0x00A2, 0x00A5, 0x2510,
    0x2514, 0x2534, 0x252C, 0x251C, 0x2500, 0x253C, 0x00E3, 0x00C3, 0x255A, 0x2554, 0x2569, 0x2566,
    0x2560, 0x2550, 0x256C, 0x00A4, 0x00F0, 0x00D0, 0x00CA, 0x00CB, 0x00C8, 0x0131, 0x00CD, 0x00CE,
    0x00CF, 0x2518, 0x250C, 0x2588, 0x2584, 0x00A6, 0x00CC, 0x2580, 0x00D3, 0x00DF, 0x00D4, 0x00D2,
    0x00F5, 0x00D5, 0x00B5, 0x00FE, 0x00DE, 0x00DA, 0x00DB, 0x00D9, 0x00FD, 0x00DD, 0x00AF, 0x00B4,
    0x00AD, 0x00B1, 0x2017, 0x00BE, 0x00B6, 0x00A7, 0x00F7, 0x00B8, 0x00B0, 0x00A8, 0x00B7, 0x00B9,
    0x00B3, 0x00B2, 0x25A0, 0x00A0,
];

static CP852: [u16; 256] = [
    0x0000, 0x0001, 0x0002, 0x0003, 0x0004, 0x0005, 0x0006, 0x0007, 0x0008, 0x0009, 0x000A, 0x000B,
    0x000C, 0x000D, 0x000E, 0x000F, 0x0010, 0x0011, 0x0012, 0x0013, 0x0014, 0x0015, 0x0016, 0x0017,
    0x0018, 0x0019, 0x001A, 0x001B, 0x001C, 0x001D, 0x001E, 0x001F, 0x0020, 0x0021, 0x0022, 0x0023,
    0x0024, 0x0025, 0x0026, 0x0027, 0x0028, 0x0029, 0x002A, 0x002B, 0x002C, 0x002D, 0x002E, 0x002F,
    0x0030, 0x0031, 0x0032, 0x0033, 0x0034, 0x0035, 0x0036, 0x0037, 0x0038, 0x0039, 0x003A, 0x003B,
    0x003C, 0x003D, 0x003E, 0x003F, 0x0040, 0x0041, 0x0042, 0x0043, 0x0044, 0x0045, 0x0046, 0x0047,
    0x0048, 0x0049, 0x004A, 0x004B, 0x004C, 0x004D, 0x004E, 0x004F, 0x0050, 0x0051, 0x0052, 0x0053,
    0x0054, 0x0055, 0x0056, 0x0057, 0x0058, 0x0059, 0x005A, 0x005B, 0x005C, 0x005D, 0x005E, 0x005F,
    0x0060, 0x0061, 0x0062, 0x0063, 0x0064, 0x0065, 0x0066, 0x0067, 0x0068, 0x0069, 0x006A, 0x006B,
    0x006C, 0x006D, 0x006E, 0x006F, 0x0070, 0x0071, 0x0072, 0x0073, 0x0074, 0x0075, 0x0076, 0x0077,
    0x0078, 0x0079, 0x007A, 0x007B, 0x007C, 0x007D, 0x007E, 0x007F, 0x00C7, 0x00FC, 0x00E9, 0x00E2,
    0x00E4, 0x016F, 0x0107, 0x00E7, 0x0142, 0x00EB, 0x0150, 0x0151, 0x00EE, 0x0179, 0x00C4, 0x0106,
    0x00C9, 0x0139, 0x013A, 0x00F4, 0x00F6, 0x013D, 0x013E, 0x015A, 0x015B, 0x00D6, 0x00DC, 0x0164,
    0x0165, 0x0141, 0x00D7, 0x010D, 0x00E1, 0x00ED, 0x00F3, 0x00FA, 0x0104, 0x0105, 0x017D, 0x017E,
    0x0118, 0x0119, 0x00AC, 0x017A, 0x010C, 0x015F, 0x00AB, 0x00BB, 0x2591, 0x2592, 0x2593, 0x2502,
    0x2524, 0x00C1, 0x00C2, 0x011A, 0x015E, 0x2563, 0x2551, 0x2557, 0x255D, 0x017B, 0x017C, 0x2510,
    0x2514, 0x2534, 0x252C, 0x251C, 0x2500, 0x253C, 0x0102, 0x0103, 0x255A, 0x2554, 0x2569, 0x2566,
    0x2560, 0x2550, 0x256C, 0x00A4, 0x0111, 0x0110, 0x010E, 0x00CB, 0x010F, 0x0147, 0x00CD, 0x00CE,
    0x011B, 0x2518, 0x250C, 0x2588, 0x2584, 0x0162, 0x016E, 0x2580, 0x00D3, 0x00DF, 0x00D4, 0x0143,
    0x0144, 0x0148, 0x0160, 0x0161, 0x0154, 0x00DA, 0x0155, 0x0170, 0x00FD, 0x00DD, 0x0163, 0x00B4,
    0x00AD, 0x02DD, 0x02DB, 0x02C7, 0x02D8, 0x00A7, 0x00F7, 0x00B8, 0x00B0, 0x00A8, 0x02D9, 0x0171,
    0x0158, 0x0159, 0x25A0, 0x00A0,
];

static CP855: [u16; 256] = [
    0x0000, 0x0001, 0x0002, 0x0003, 0x0004, 0x0005, 0x0006, 0x0007, 0x0008, 0x0009, 0x000A, 0x000B,
    0x000C, 0x000D, 0x000E, 0x000F, 0x0010, 0x0011, 0x0012, 0x0013, 0x0014, 0x0015, 0x0016, 0x0017,
    0x0018, 0x0019, 0x001A, 0x001B, 0x001C, 0x001D, 0x001E, 0x001F, 0x0020, 0x0021, 0x0022, 0x0023,
    0x0024, 0x0025, 0x0026, 0x0027, 0x0028, 0x0029, 0x002A, 0x002B, 0x002C, 0x002D, 0x002E, 0x002F,
    0x0030, 0x0031, 0x0032, 0x0033, 0x0034, 0x0035, 0x0036, 0x0037, 0x0038, 0x0039, 0x003A, 0x003B,
    0x003C, 0x003D, 0x003E, 0x003F, 0x0040, 0x0041, 0x0042, 0x0043, 0x0044, 0x0045, 0x0046, 0x0047,
    0x0048, 0x0049, 0x004A, 0x004B, 0x004C, 0x004D, 0x004E, 0x004F, 0x0050, 0x0051, 0x0052, 0x0053,
    0x0054, 0x0055, 0x0056, 0x0057, 0x0058, 0x0059, 0x005A, 0x005B, 0x005C, 0x005D, 0x005E, 0x005F,
    0x0060, 0x0061, 0x0062, 0x0063, 0x0064, 0x0065, 0x0066, 0x0067, 0x0068, 0x0069, 0x006A, 0x006B,
    0x006C, 0x006D, 0x006E, 0x006F, 0x0070, 0x0071, 0x0072, 0x0073, 0x0074, 0x0075, 0x0076, 0x0077,
    0x0078, 0x0079, 0x007A, 0x007B, 0x007C, 0x007D, 0x007E, 0x007F, 0x0452, 0x0402, 0x0453, 0x0403,
    0x0451, 0x0401, 0x0454, 0x0404, 0x0455, 0x0405, 0x0456, 0x0406, 0x0457, 0x0407, 0x0458, 0x0408,
    0x0459, 0x0409, 0x045A, 0x040A, 0x045B, 0x040B, 0x045C, 0x040C, 0x045E, 0x040E, 0x045F, 0x040F,
    0x044E, 0x042E, 0x044A, 0x042A, 0x0430, 0x0410, 0x0431, 0x0411, 0x0446, 0x0426, 0x0434, 0x0414,
    0x0435, 0x0415, 0x0444, 0x0424, 0x0433, 0x0413, 0x00AB, 0x00BB, 0x2591, 0x2592, 0x2593, 0x2502,
    0x2524, 0x0445, 0x0425, 0x0438, 0x0418, 0x2563, 0x2551, 0x2557, 0x255D, 0x0439, 0x0419, 0x2510,
    0x2514, 0x2534, 0x252C, 0x251C, 0x2500, 0x253C, 0x043A, 0x041A, 0x255A, 0x2554, 0x2569, 0x2566,
    0x2560, 0x2550, 0x256C, 0x00A4, 0x043B, 0x041B, 0x043C, 0x041C, 0x043D, 0x041D, 0x043E, 0x041E,
    0x043F, 0x2518, 0x250C, 0x2588, 0x2584, 0x041F, 0x044F, 0x2580, 0x042F, 0x0440, 0x0420, 0x0441,
    0x0421, 0x0442, 0x0422, 0x0443, 0x0423, 0x0436, 0x0416, 0x0432, 0x0412, 0x044C, 0x042C, 0x2116,
    0x00AD, 0x044B, 0x042B, 0x0437, 0x0417, 0x0448, 0x0428, 0x044D, 0x042D, 0x0449, 0x0429, 0x0447,
    0x0427, 0x00A7, 0x25A0, 0x00A0,
];

static CP856: [u16; 256] = [
    0x0000, 0x0001, 0x0002, 0x0003, 0x0004, 0x0005, 0x0006, 0x0007, 0x0008, 0x0009, 0x000A, 0x000B,
    0x000C, 0x000D, 0x000E, 0x000F, 0x0010, 0x0011, 0x0012, 0x0013, 0x0014, 0x0015, 0x0016, 0x0017,
    0x0018, 0x0019, 0x001A, 0x001B, 0x001C, 0x001D, 0x001E, 0x001F, 0x0020, 0x0021, 0x0022, 0x0023,
    0x0024, 0x0025, 0x0026, 0x0027, 0x0028, 0x0029, 0x002A, 0x002B, 0x002C, 0x002D, 0x002E, 0x002F,
    0x0030, 0x0031, 0x0032, 0x0033, 0x0034, 0x0035, 0x0036, 0x0037, 0x0038, 0x0039, 0x003A, 0x003B,
    0x003C, 0x003D, 0x003E, 0x003F, 0x0040, 0x0041, 0x0042, 0x0043, 0x0044, 0x0045, 0x0046, 0x0047,
    0x0048, 0x0049, 0x004A, 0x004B, 0x004C, 0x004D, 0x004E, 0x004F, 0x0050, 0x0051, 0x0052, 0x0053,
    0x0054, 0x0055, 0x0056, 0x0057, 0x0058, 0x0059, 0x005A, 0x005B, 0x005C, 0x005D, 0x005E, 0x005F,
    0x0060, 0x0061, 0x0062, 0x0063, 0x0064, 0x0065, 0x0066, 0x0067, 0x0068, 0x0069, 0x006A, 0x006B,
    0x006C, 0x006D, 0x006E, 0x006F, 0x0070, 0x0071, 0x0072, 0x0073, 0x0074, 0x0075, 0x0076, 0x0077,
    0x0078, 0x0079, 0x007A, 0x007B, 0x007C, 0x007D, 0x007E, 0x007F, 0x05D0, 0x05D1, 0x05D2, 0x05D3,
    0x05D4, 0x05D5, 0x05D6, 0x05D7, 0x05D8, 0x05D9, 0x05DA, 0x05DB, 0x05DC, 0x05DD, 0x05DE, 0x05DF,
    0x05E0, 0x05E1, 0x05E2, 0x05E3, 0x05E4, 0x05E5, 0x05E6, 0x05E7, 0x05E8, 0x05E9, 0x05EA, 0xFFFF,
    0x00A3, 0xFFFF, 0x00D7, 0xFFFF, 0xFFFF, 0xFFFF, 0xFFFF, 0xFFFF, 0xFFFF, 0xFFFF, 0xFFFF, 0xFFFF,
    0xFFFF, 0x00AE, 0x00AC, 0x00BD, 0x00BC, 0xFFFF, 0x00AB, 0x00BB, 0x2591, 0x2592, 0x2593, 0x2502,
    0x2524, 0xFFFF, 0xFFFF, 0xFFFF, 0x00A9, 0x2563, 0x2551, 0x2557, 0x255D, 0x00A2, 0x00A5, 0x2510,
    0x2514, 0x2534, 0x252C, 0x251C, 0x2500, 0x253C, 0xFFFF, 0xFFFF, 0x255A, 0x2554, 0x2569, 0x2566,
    0x2560, 0x2550, 0x256C, 0x00A4, 0xFFFF, 0xFFFF, 0xFFFF, 0xFFFF, 0xFFFF, 0xFFFF, 0xFFFF, 0xFFFF,
    0xFFFF, 0x2518, 0x250C, 0x2588, 0x2584, 0x00A6, 0xFFFF, 0x2580, 0xFFFF, 0xFFFF, 0xFFFF, 0xFFFF,
    0xFFFF, 0xFFFF, 0x00B5, 0xFFFF, 0xFFFF, 0xFFFF, 0xFFFF, 0xFFFF, 0xFFFF, 0xFFFF, 0x00AF, 0x00B4,
    0x00AD, 0x00B1, 0x2017, 0x00BE, 0x00B6, 0x00A7, 0x00F7, 0x00B8, 0x00B0, 0x00A8, 0x00B7, 0x00B9,
    0x00B3, 0x00B2, 0x25A0, 0x00A0,
];

static CP857: [u16; 256] = [
    0x0000, 0x0001, 0x0002, 0x0003, 0x0004, 0x0005, 0x0006, 0x0007, 0x0008, 0x0009, 0x000A, 0x000B,
    0x000C, 0x000D, 0x000E, 0x000F, 0x0010, 0x0011, 0x0012, 0x0013, 0x0014, 0x0015, 0x0016, 0x0017,
    0x0018, 0x0019, 0x001A, 0x001B, 0x001C, 0x001D, 0x001E, 0x001F, 0x0020, 0x0021, 0x0022, 0x0023,
    0x0024, 0x0025, 0x0026, 0x0027, 0x0028, 0x0029, 0x002A, 0x002B, 0x002C, 0x002D, 0x002E, 0x002F,
    0x0030, 0x0031, 0x0032, 0x0033, 0x0034, 0x0035, 0x0036, 0x0037, 0x0038, 0x0039, 0x003A, 0x003B,
    0x003C, 0x003D, 0x003E, 0x003F, 0x0040, 0x0041, 0x0042, 0x0043, 0x0044, 0x0045, 0x0046, 0x0047,
    0x0048, 0x0049, 0x004A, 0x004B, 0x004C, 0x004D, 0x004E, 0x004F, 0x0050, 0x0051, 0x0052, 0x0053,
    0x0054, 0x0055, 0x0056, 0x0057, 0x0058, 0x0059, 0x005A, 0x005B, 0x005C, 0x005D, 0x005E, 0x005F,
    0x0060, 0x0061, 0x0062, 0x0063, 0x0064, 0x0065, 0x0066, 0x0067, 0x0068, 0x0069, 0x006A, 0x006B,
    0x006C, 0x006D, 0x006E, 0x006F, 0x0070, 0x0071, 0x0072, 0x0073, 0x0074, 0x0075, 0x0076, 0x0077,
    0x0078, 0x0079, 0x007A, 0x007B, 0x007C, 0x007D, 0x007E, 0x007F, 0x00C7, 0x00FC, 0x00E9, 0x00E2,
    0x00E4, 0x00E0, 0x00E5, 0x00E7, 0x00EA, 0x00EB, 0x00E8, 0x00EF, 0x00EE, 0x0131, 0x00C4, 0x00C5,
    0x00C9, 0x00E6, 0x00C6, 0x00F4, 0x00F6, 0x00F2, 0x00FB, 0x00F9, 0x0130, 0x00D6, 0x00DC, 0x00F8,
    0x00A3, 0x00D8, 0x015E, 0x015F, 0x00E1, 0x00ED, 0x00F3, 0x00FA, 0x00F1, 0x00D1, 0x011E, 0x011F,
    0x00BF, 0x00AE, 0x00AC, 0x00BD, 0x00BC, 0x00A1, 0x00AB, 0x00BB, 0x2591, 0x2592, 0x2593, 0x2502,
    0x2524, 0x00C1, 0x00C2, 0x00C0, 0x00A9, 0x2563, 0x2551, 0x2557, 0x255D, 0x00A2, 0x00A5, 0x2510,
    0x2514, 0x2534, 0x252C, 0x251C, 0x2500, 0x253C, 0x00E3, 0x00C3, 0x255A, 0x2554, 0x2569, 0x2566,
    0x2560, 0x2550, 0x256C, 0x00A4, 0x00BA, 0x00AA, 0x00CA, 0x00CB, 0x00C8, 0xFFFF, 0x00CD, 0x00CE,
    0x00CF, 0x2518, 0x250C, 0x2588, 0x2584, 0x00A6, 0x00CC, 0x2580, 0x00D3, 0x00DF, 0x00D4, 0x00D2,
    0x00F5, 0x00D5, 0x00B5, 0xFFFF, 0x00D7, 0x00DA, 0x00DB, 0x00D9, 0x00EC, 0x00FF, 0x00AF, 0x00B4,
    0x00AD, 0x00B1, 0xFFFF, 0x00BE, 0x00B6, 0x00A7, 0x00F7, 0x00B8, 0x00B0, 0x00A8, 0x00B7, 0x00B9,
    0x00B3, 0x00B2, 0x25A0, 0x00A0,
];

static CP858: [u16; 256] = [
    0x0000, 0x0001, 0x0002, 0x0003, 0x0004, 0x0005, 0x0006, 0x0007, 0x0008, 0x0009, 0x000A, 0x000B,
    0x000C, 0x000D, 0x000E, 0x000F, 0x0010, 0x0011, 0x0012, 0x0013, 0x0014, 0x0015, 0x0016, 0x0017,
    0x0018, 0x0019, 0x001A, 0x001B, 0x001C, 0x001D, 0x001E, 0x001F, 0x0020, 0x0021, 0x0022, 0x0023,
    0x0024, 0x0025, 0x0026, 0x0027, 0x0028, 0x0029, 0x002A, 0x002B, 0x002C, 0x002D, 0x002E, 0x002F,
    0x0030, 0x0031, 0x0032, 0x0033, 0x0034, 0x0035, 0x0036, 0x0037, 0x0038, 0x0039, 0x003A, 0x003B,
    0x003C, 0x003D, 0x003E, 0x003F, 0x0040, 0x0041, 0x0042, 0x0043, 0x0044, 0x0045, 0x0046, 0x0047,
    0x0048, 0x0049, 0x004A, 0x004B, 0x004C, 0x004D, 0x004E, 0x004F, 0x0050, 0x0051, 0x0052, 0x0053,
    0x0054, 0x0055, 0x0056, 0x0057, 0x0058, 0x0059, 0x005A, 0x005B, 0x005C, 0x005D, 0x005E, 0x005F,
    0x0060, 0x0061, 0x0062, 0x0063, 0x0064, 0x0065, 0x0066, 0x0067, 0x0068, 0x0069, 0x006A, 0x006B,
    0x006C, 0x006D, 0x006E, 0x006F, 0x0070, 0x0071, 0x0072, 0x0073, 0x0074, 0x0075, 0x0076, 0x0077,
    0x0078, 0x0079, 0x007A, 0x007B, 0x007C, 0x007D, 0x007E, 0x007F, 0x00C7, 0x00FC, 0x00E9, 0x00E2,
    0x00E4, 0x00E0, 0x00E5, 0x00E7, 0x00EA, 0x00EB, 0x00E8, 0x00EF, 0x00EE, 0x00EC, 0x00C4, 0x00C5,
    0x00C9, 0x00E6, 0x00C6, 0x00F4, 0x00F6, 0x00F2, 0x00FB, 0x00F9, 0x00FF, 0x00D6, 0x00DC, 0x00F8,
    0x00A3, 0x00D8, 0x00D7, 0x0192, 0x00E1, 0x00ED, 0x00F3, 0x00FA, 0x00F1, 0x00D1, 0x00AA, 0x00BA,
    0x00BF, 0x00AE, 0x00AC, 0x00BD, 0x00BC, 0x00A1, 0x00AB, 0x00BB, 0x2591, 0x2592, 0x2593, 0x2502,
    0x2524, 0x00C1, 0x00C2, 0x00C0, 0x00A9, 0x2563, 0x2551, 0x2557, 0x255D, 0x00A2, 0x00A5, 0x2510,
    0x2514, 0x2534, 0x252C, 0x251C, 0x2500, 0x253C, 0x00E3, 0x00C3, 0x255A, 0x2554, 0x2569, 0x2566,
    0x2560, 0x2550, 0x256C, 0x00A4, 0x00F0, 0x00D0, 0x00CA, 0x00CB, 0x00C8, 0x20AC, 0x00CD, 0x00CE,
    0x00CF, 0x2518, 0x250C, 0x2588, 0x2584, 0x00A6, 0x00CC, 0x2580, 0x00D3, 0x00DF, 0x00D4, 0x00D2,
    0x00F5, 0x00D5, 0x00B5, 0x00FE, 0x00DE, 0x00DA, 0x00DB, 0x00D9, 0x00FD, 0x00DD, 0x00AF, 0x00B4,
    0x00AD, 0x00B1, 0x2017, 0x00BE, 0x00B6, 0x00A7, 0x00F7, 0x00B8, 0x00B0, 0x00A8, 0x00B7, 0x00B9,
    0x00B3, 0x00B2, 0x25A0, 0x00A0,
];

static CP860: [u16; 256] = [
    0x0000, 0x0001, 0x0002, 0x0003, 0x0004, 0x0005, 0x0006, 0x0007, 0x0008, 0x0009, 0x000A, 0x000B,
    0x000C, 0x000D, 0x000E, 0x000F, 0x0010, 0x0011, 0x0012, 0x0013, 0x0014, 0x0015, 0x0016, 0x0017,
    0x0018, 0x0019, 0x001A, 0x001B, 0x001C, 0x001D, 0x001E, 0x001F, 0x0020, 0x0021, 0x0022, 0x0023,
    0x0024, 0x0025, 0x0026, 0x0027, 0x0028, 0x0029, 0x002A, 0x002B, 0x002C, 0x002D, 0x002E, 0x002F,
    0x0030, 0x0031, 0x0032, 0x0033, 0x0034, 0x0035, 0x0036, 0x0037, 0x0038, 0x0039, 0x003A, 0x003B,
    0x003C, 0x003D, 0x003E, 0x003F, 0x0040, 0x0041, 0x0042, 0x0043, 0x0044, 0x0045, 0x0046, 0x0047,
    0x0048, 0x0049, 0x004A, 0x004B, 0x004C, 0x004D, 0x004E, 0x004F, 0x0050, 0x0051, 0x0052, 0x0053,
    0x0054, 0x0055, 0x0056, 0x0057, 0x0058, 0x0059, 0x005A, 0x005B, 0x005C, 0x005D, 0x005E, 0x005F,
    0x0060, 0x0061, 0x0062, 0x0063, 0x0064, 0x0065, 0x0066, 0x0067, 0x0068, 0x0069, 0x006A, 0x006B,
    0x006C, 0x006D, 0x006E, 0x006F, 0x0070, 0x0071, 0x0072, 0x0073, 0x0074, 0x0075, 0x0076, 0x0077,
    0x0078, 0x0079, 0x007A, 0x007B, 0x007C, 0x007D, 0x007E, 0x007F, 0x00C7, 0x00FC, 0x00E9, 0x00E2,
    0x00E3, 0x00E0, 0x00C1, 0x00E7, 0x00EA, 0x00CA, 0x00E8, 0x00CD, 0x00D4, 0x00EC, 0x00C3, 0x00C2,
    0x00C9, 0x00C0, 0x00C8, 0x00F4, 0x00F5, 0x00F2, 0x00DA, 0x00F9, 0x00CC, 0x00D5, 0x00DC, 0x00A2,
    0x00A3, 0x00D9, 0x20A7, 0x00D3, 0x00E1, 0x00ED, 0x00F3, 0x00FA, 0x00F1, 0x00D1, 0x00AA, 0x00BA,
    0x00BF, 0x00D2, 0x00AC, 0x00BD, 0x00BC, 0x00A1, 0x00AB, 0x00BB, 0x2591, 0x2592, 0x2593, 0x2502,
    0x2524, 0x2561, 0x2562, 0x2556, 0x2555, 0x2563, 0x2551, 0x2557, 0x255D, 0x255C, 0x255B, 0x2510,
    0x2514, 0x2534, 0x252C, 0x251C, 0x2500, 0x253C, 0x255E, 0x255F, 0x255A, 0x2554, 0x2569, 0x2566,
    0x2560, 0x2550, 0x256C, 0x2567, 0x2568, 0x2564, 0x2565, 0x2559, 0x2558, 0x2552, 0x2553, 0x256B,
    0x256A, 0x2518, 0x250C, 0x2588, 0x2584, 0x258C, 0x2590, 0x2580, 0x03B1, 0x00DF, 0x0393, 0x03C0,
    0x03A3, 0x03C3, 0x00B5, 0x03C4, 0x03A6, 0x0398, 0x03A9, 0x03B4, 0x221E, 0x03C6, 0x03B5, 0x2229,
    0x2261, 0x00B1, 0x2265, 0x2264, 0x2320, 0x2321, 0x00F7, 0x2248, 0x00B0, 0x2219, 0x00B7, 0x221A,
    0x207F, 0x00B2, 0x25A0, 0x00A0,
];

static CP861: [u16; 256] = [
    0x0000, 0x0001, 0x0002, 0x0003, 0x0004, 0x0005, 0x0006, 0x0007, 0x0008, 0x0009, 0x000A, 0x000B,
    0x000C, 0x000D, 0x000E, 0x000F, 0x0010, 0x0011, 0x0012, 0x0013, 0x0014, 0x0015, 0x0016, 0x0017,
    0x0018, 0x0019, 0x001A, 0x001B, 0x001C, 0x001D, 0x001E, 0x001F, 0x0020, 0x0021, 0x0022, 0x0023,
    0x0024, 0x0025, 0x0026, 0x0027, 0x0028, 0x0029, 0x002A, 0x002B, 0x002C, 0x002D, 0x002E, 0x002F,
    0x0030, 0x0031, 0x0032, 0x0033, 0x0034, 0x0035, 0x0036, 0x0037, 0x0038, 0x0039, 0x003A, 0x003B,
    0x003C, 0x003D, 0x003E, 0x003F, 0x0040, 0x0041, 0x0042, 0x0043, 0x0044, 0x0045, 0x0046, 0x0047,
    0x0048, 0x0049, 0x004A, 0x004B, 0x004C, 0x004D, 0x004E, 0x004F, 0x0050, 0x0051, 0x0052, 0x0053,
    0x0054, 0x0055, 0x0056, 0x0057, 0x0058, 0x0059, 0x005A, 0x005B, 0x005C, 0x005D, 0x005E, 0x005F,
    0x0060, 0x0061, 0x0062, 0x0063, 0x0064, 0x0065, 0x0066, 0x0067, 0x0068, 0x0069, 0x006A, 0x006B,
    0x006C, 0x006D, 0x006E, 0x006F, 0x0070, 0x0071, 0x0072, 0x0073, 0x0074, 0x0075, 0x0076, 0x0077,
    0x0078, 0x0079, 0x007A, 0x007B, 0x007C, 0x007D, 0x007E, 0x007F, 0x00C7, 0x00FC, 0x00E9, 0x00E2,
    0x00E4, 0x00E0, 0x00E5, 0x00E7, 0x00EA, 0x00EB, 0x00E8, 0x00D0, 0x00F0, 0x00DE, 0x00C4, 0x00C5,
    0x00C9, 0x00E6, 0x00C6, 0x00F4, 0x00F6, 0x00FE, 0x00FB, 0x00DD, 0x00FD, 0x00D6, 0x00DC, 0x00F8,
    0x00A3, 0x00D8, 0x20A7, 0x0192, 0x00E1, 0x00ED, 0x00F3, 0x00FA, 0x00C1, 0x00CD, 0x00D3, 0x00DA,
    0x00BF, 0x2310, 0x00AC, 0x00BD, 0x00BC, 0x00A1, 0x00AB, 0x00BB, 0x2591, 0x2592, 0x2593, 0x2502,
    0x2524, 0x2561, 0x2562, 0x2556, 0x2555, 0x2563, 0x2551, 0x2557, 0x255D, 0x255C, 0x255B, 0x2510,
    0x2514, 0x2534, 0x252C, 0x251C, 0x2500, 0x253C, 0x255E, 0x255F, 0x255A, 0x2554, 0x2569, 0x2566,
    0x2560, 0x2550, 0x256C, 0x2567, 0x2568, 0x2564, 0x2565, 0x2559, 0x2558, 0x2552, 0x2553, 0x256B,
    0x256A, 0x2518, 0x250C, 0x2588, 0x2584, 0x258C, 0x2590, 0x2580, 0x03B1, 0x00DF, 0x0393, 0x03C0,
    0x03A3, 0x03C3, 0x00B5, 0x03C4, 0x03A6, 0x0398, 0x03A9, 0x03B4, 0x221E, 0x03C6, 0x03B5, 0x2229,
    0x2261, 0x00B1, 0x2265, 0x2264, 0x2320, 0x2321, 0x00F7, 0x2248, 0x00B0, 0x2219, 0x00B7, 0x221A,
    0x207F, 0x00B2, 0x25A0, 0x00A0,
];

static CP862: [u16; 256] = [
    0x0000, 0x0001, 0x0002, 0x0003, 0x0004, 0x0005, 0x0006, 0x0007, 0x0008, 0x0009, 0x000A, 0x000B,
    0x000C, 0x000D, 0x000E, 0x000F, 0x0010, 0x0011, 0x0012, 0x0013, 0x0014, 0x0015, 0x0016, 0x0017,
    0x0018, 0x0019, 0x001A, 0x001B, 0x001C, 0x001D, 0x001E, 0x001F, 0x0020, 0x0021, 0x0022, 0x0023,
    0x0024, 0x0025, 0x0026, 0x0027, 0x0028, 0x0029, 0x002A, 0x002B, 0x002C, 0x002D, 0x002E, 0x002F,
    0x0030, 0x0031, 0x0032, 0x0033, 0x0034, 0x0035, 0x0036, 0x0037, 0x0038, 0x0039, 0x003A, 0x003B,
    0x003C, 0x003D, 0x003E, 0x003F, 0x0040, 0x0041, 0x0042, 0x0043, 0x0044, 0x0045, 0x0046, 0x0047,
    0x0048, 0x0049, 0x004A, 0x004B, 0x004C, 0x004D, 0x004E, 0x004F, 0x0050, 0x0051, 0x0052, 0x0053,
    0x0054, 0x0055, 0x0056, 0x0057, 0x0058, 0x0059, 0x005A, 0x005B, 0x005C, 0x005D, 0x005E, 0x005F,
    0x0060, 0x0061, 0x0062, 0x0063, 0x0064, 0x0065, 0x0066, 0x0067, 0x0068, 0x0069, 0x006A, 0x006B,
    0x006C, 0x006D, 0x006E, 0x006F, 0x0070, 0x0071, 0x0072, 0x0073, 0x0074, 0x0075, 0x0076, 0x0077,
    0x0078, 0x0079, 0x007A, 0x007B, 0x007C, 0x007D, 0x007E, 0x007F, 0x05D0, 0x05D1, 0x05D2, 0x05D3,
    0x05D4, 0x05D5, 0x05D6, 0x05D7, 0x05D8, 0x05D9, 0x05DA, 0x05DB, 0x05DC, 0x05DD, 0x05DE, 0x05DF,
    0x05E0, 0x05E1, 0x05E2, 0x05E3, 0x05E4, 0x05E5, 0x05E6, 0x05E7, 0x05E8, 0x05E9, 0x05EA, 0x00A2,
    0x00A3, 0x00A5, 0x20A7, 0x0192, 0x00E1, 0x00ED, 0x00F3, 0x00FA, 0x00F1, 0x00D1, 0x00AA, 0x00BA,
    0x00BF, 0x2310, 0x00AC, 0x00BD, 0x00BC, 0x00A1, 0x00AB, 0x00BB, 0x2591, 0x2592, 0x2593, 0x2502,
    0x2524, 0x2561, 0x2562, 0x2556, 0x2555, 0x2563, 0x2551, 0x2557, 0x255D, 0x255C, 0x255B, 0x2510,
    0x2514, 0x2534, 0x252C, 0x251C, 0x2500, 0x253C, 0x255E, 0x255F, 0x255A, 0x2554, 0x2569, 0x2566,
    0x2560, 0x2550, 0x256C, 0x2567, 0x2568, 0x2564, 0x2565, 0x2559, 0x2558, 0x2552, 0x2553, 0x256B,
    0x256A, 0x2518, 0x250C, 0x2588, 0x2584, 0x258C, 0x2590, 0x2580, 0x03B1, 0x00DF, 0x0393, 0x03C0,
    0x03A3, 0x03C3, 0x00B5, 0x03C4, 0x03A6, 0x0398, 0x03A9, 0x03B4, 0x221E, 0x03C6, 0x03B5, 0x2229,
    0x2261, 0x00B1, 0x2265, 0x2264, 0x2320, 0x2321, 0x00F7, 0x2248, 0x00B0, 0x2219, 0x00B7, 0x221A,
    0x207F, 0x00B2, 0x25A0, 0x00A0,
];

static CP863: [u16; 256] = [
    0x0000, 0x0001, 0x0002, 0x0003, 0x0004, 0x0005, 0x0006, 0x0007, 0x0008, 0x0009, 0x000A, 0x000B,
    0x000C, 0x000D, 0x000E, 0x000F, 0x0010, 0x0011, 0x0012, 0x0013, 0x0014, 0x0015, 0x0016, 0x0017,
    0x0018, 0x0019, 0x001A, 0x001B, 0x001C, 0x001D, 0x001E, 0x001F, 0x0020, 0x0021, 0x0022, 0x0023,
    0x0024, 0x0025, 0x0026, 0x0027, 0x0028, 0x0029, 0x002A, 0x002B, 0x002C, 0x002D, 0x002E, 0x002F,
    0x0030, 0x0031, 0x0032, 0x0033, 0x0034, 0x0035, 0x0036, 0x0037, 0x0038, 0x0039, 0x003A, 0x003B,
    0x003C, 0x003D, 0x003E, 0x003F, 0x0040, 0x0041, 0x0042, 0x0043, 0x0044, 0x0045, 0x0046, 0x0047,
    0x0048, 0x0049, 0x004A, 0x004B, 0x004C, 0x004D, 0x004E, 0x004F, 0x0050, 0x0051, 0x0052, 0x0053,
    0x0054, 0x0055, 0x0056, 0x0057, 0x0058, 0x0059, 0x005A, 0x005B, 0x005C, 0x005D, 0x005E, 0x005F,
    0x0060, 0x0061, 0x0062, 0x0063, 0x0064, 0x0065, 0x0066, 0x0067, 0x0068, 0x0069, 0x006A, 0x006B,
    0x006C, 0x006D, 0x006E, 0x006F, 0x0070, 0x0071, 0x0072, 0x0073, 0x0074, 0x0075, 0x0076, 0x0077,
    0x0078, 0x0079, 0x007A, 0x007B, 0x007C, 0x007D, 0x007E, 0x007F, 0x00C7, 0x00FC, 0x00E9, 0x00E2,
    0x00C2, 0x00E0, 0x00B6, 0x00E7, 0x00EA, 0x00EB, 0x00E8, 0x00EF, 0x00EE, 0x2017, 0x00C0, 0x00A7,
    0x00C9, 0x00C8, 0x00CA, 0x00F4, 0x00CB, 0x00CF, 0x00FB, 0x00F9, 0x00A4, 0x00D4, 0x00DC, 0x00A2,
    0x00A3, 0x00D9, 0x00DB, 0x0192, 0x00A6, 0x00B4, 0x00F3, 0x00FA, 0x00A8, 0x00B8, 0x00B3, 0x00AF,
    0x00CE, 0x2310, 0x00AC, 0x00BD, 0x00BC, 0x00BE, 0x00AB, 0x00BB, 0x2591, 0x2592, 0x2593, 0x2502,
    0x2524, 0x2561, 0x2562, 0x2556, 0x2555, 0x2563, 0x2551, 0x2557, 0x255D, 0x255C, 0x255B, 0x2510,
    0x2514, 0x2534, 0x252C, 0x251C, 0x2500, 0x253C, 0x255E, 0x255F, 0x255A, 0x2554, 0x2569, 0x2566,
    0x2560, 0x2550, 0x256C, 0x2567, 0x2568, 0x2564, 0x2565, 0x2559, 0x2558, 0x2552, 0x2553, 0x256B,
    0x256A, 0x2518, 0x250C, 0x2588, 0x2584, 0x258C, 0x2590, 0x2580, 0x03B1, 0x00DF, 0x0393, 0x03C0,
    0x03A3, 0x03C3, 0x00B5, 0x03C4, 0x03A6, 0x0398, 0x03A9, 0x03B4, 0x221E, 0x03C6, 0x03B5, 0x2229,
    0x2261, 0x00B1, 0x2265, 0x2264, 0x2320, 0x2321, 0x00F7, 0x2248, 0x00B0, 0x2219, 0x00B7, 0x221A,
    0x207F, 0x00B2, 0x25A0, 0x00A0,
];

static CP864: [u16; 256] = [
    0x0000, 0x0001, 0x0002, 0x0003, 0x0004, 0x0005, 0x0006, 0x0007, 0x0008, 0x0009, 0x000A, 0x000B,
    0x000C, 0x000D, 0x000E, 0x000F, 0x0010, 0x0011, 0x0012, 0x0013, 0x0014, 0x0015, 0x0016, 0x0017,
    0x0018, 0x0019, 0x001A, 0x001B, 0x001C, 0x001D, 0x001E, 0x001F, 0x0020, 0x0021, 0x0022, 0x0023,
    0x0024, 0x066A, 0x0026, 0x0027, 0x0028, 0x0029, 0x002A, 0x002B, 0x002C, 0x002D, 0x002E, 0x002F,
    0x0030, 0x0031, 0x0032, 0x0033, 0x0034, 0x0035, 0x0036, 0x0037, 0x0038, 0x0039, 0x003A, 0x003B,
    0x003C, 0x003D, 0x003E, 0x003F, 0x0040, 0x0041, 0x0042, 0x0043, 0x0044, 0x0045, 0x0046, 0x0047,
    0x0048, 0x0049, 0x004A, 0x004B, 0x004C, 0x004D, 0x004E, 0x004F, 0x0050, 0x0051, 0x0052, 0x0053,
    0x0054, 0x0055, 0x0056, 0x0057, 0x0058, 0x0059, 0x005A, 0x005B, 0x005C, 0x005D, 0x005E, 0x005F,
    0x0060, 0x0061, 0x0062, 0x0063, 0x0064, 0x0065, 0x0066, 0x0067, 0x0068, 0x0069, 0x006A, 0x006B,
    0x006C, 0x006D, 0x006E, 0x006F, 0x0070, 0x0071, 0x0072, 0x0073, 0x0074, 0x0075, 0x0076, 0x0077,
    0x0078, 0x0079, 0x007A, 0x007B, 0x007C, 0x007D, 0x007E, 0x007F, 0x00B0, 0x00B7, 0x2219, 0x221A,
    0x2592, 0x2500, 0x2502, 0x253C, 0x2524, 0x252C, 0x251C, 0x2534, 0x2510, 0x250C, 0x2514, 0x2518,
    0x03B2, 0x221E, 0x03C6, 0x00B1, 0x00BD, 0x00BC, 0x2248, 0x00AB, 0x00BB, 0xFEF7, 0xFEF8, 0xFFFF,
    0xFFFF, 0xFEFB, 0xFEFC, 0xFFFF, 0x00A0, 0x00AD, 0xFE82, 0x00A3, 0x00A4, 0xFE84, 0xFFFF, 0xFFFF,
    0xFE8E, 0xFE8F, 0xFE95, 0xFE99, 0x060C, 0xFE9D, 0xFEA1, 0xFEA5, 0x0660, 0x0661, 0x0662, 0x0663,
    0x0664, 0x0665, 0x0666, 0x0667, 0x0668, 0x0669, 0xFED1, 0x061B, 0xFEB1, 0xFEB5, 0xFEB9, 0x061F,
    0x00A2, 0xFE80, 0xFE81, 0xFE83, 0xFE85, 0xFECA, 0xFE8B, 0xFE8D, 0xFE91, 0xFE93, 0xFE97, 0xFE9B,
    0xFE9F, 0xFEA3, 0xFEA7, 0xFEA9, 0xFEAB, 0xFEAD, 0xFEAF, 0xFEB3, 0xFEB7, 0xFEBB, 0xFEBF, 0xFEC1,
    0xFEC5, 0xFECB, 0xFECF, 0x00A6, 0x00AC, 0x00F7, 0x00D7, 0xFEC9, 0x0640, 0xFED3, 0xFED7, 0xFEDB,
    0xFEDF, 0xFEE3, 0xFEE7, 0xFEEB, 0xFEED, 0xFEEF, 0xFEF3, 0xFEBD, 0xFECC, 0xFECE, 0xFECD, 0xFEE1,
    0xFE7D, 0x0651, 0xFEE5, 0xFEE9, 0xFEEC, 0xFEF0, 0xFEF2, 0xFED0, 0xFED5, 0xFEF5, 0xFEF6, 0xFEDD,
    0xFED9, 0xFEF1, 0x25A0, 0xFFFF,
];

static CP865: [u16; 256] = [
    0x0000, 0x0001, 0x0002, 0x0003, 0x0004, 0x0005, 0x0006, 0x0007, 0x0008, 0x0009, 0x000A, 0x000B,
    0x000C, 0x000D, 0x000E, 0x000F, 0x0010, 0x0011, 0x0012, 0x0013, 0x0014, 0x0015, 0x0016, 0x0017,
    0x0018, 0x0019, 0x001A, 0x001B, 0x001C, 0x001D, 0x001E, 0x001F, 0x0020, 0x0021, 0x0022, 0x0023,
    0x0024, 0x0025, 0x0026, 0x0027, 0x0028, 0x0029, 0x002A, 0x002B, 0x002C, 0x002D, 0x002E, 0x002F,
    0x0030, 0x0031, 0x0032, 0x0033, 0x0034, 0x0035, 0x0036, 0x0037, 0x0038, 0x0039, 0x003A, 0x003B,
    0x003C, 0x003D, 0x003E, 0x003F, 0x0040, 0x0041, 0x0042, 0x0043, 0x0044, 0x0045, 0x0046, 0x0047,
    0x0048, 0x0049, 0x004A, 0x004B, 0x004C, 0x004D, 0x004E, 0x004F, 0x0050, 0x0051, 0x0052, 0x0053,
    0x0054, 0x0055, 0x0056, 0x0057, 0x0058, 0x0059, 0x005A, 0x005B, 0x005C, 0x005D, 0x005E, 0x005F,
    0x0060, 0x0061, 0x0062, 0x0063, 0x0064, 0x0065, 0x0066, 0x0067, 0x0068, 0x0069, 0x006A, 0x006B,
    0x006C, 0x006D, 0x006E, 0x006F, 0x0070, 0x0071, 0x0072, 0x0073, 0x0074, 0x0075, 0x0076, 0x0077,
    0x0078, 0x0079, 0x007A, 0x007B, 0x007C, 0x007D, 0x007E, 0x007F, 0x00C7, 0x00FC, 0x00E9, 0x00E2,
    0x00E4, 0x00E0, 0x00E5, 0x00E7, 0x00EA, 0x00EB, 0x00E8, 0x00EF, 0x00EE, 0x00EC, 0x00C4, 0x00C5,
    0x00C9, 0x00E6, 0x00C6, 0x00F4, 0x00F6, 0x00F2, 0x00FB, 0x00F9, 0x00FF, 0x00D6, 0x00DC, 0x00F8,
    0x00A3, 0x00D8, 0x20A7, 0x0192, 0x00E1, 0x00ED, 0x00F3, 0x00FA, 0x00F1, 0x00D1, 0x00AA, 0x00BA,
    0x00BF, 0x2310, 0x00AC, 0x00BD, 0x00BC, 0x00A1, 0x00AB, 0x00A4, 0x2591, 0x2592, 0x2593, 0x2502,
    0x2524, 0x2561, 0x2562, 0x2556, 0x2555, 0x2563, 0x2551, 0x2557, 0x255D, 0x255C, 0x255B, 0x2510,
    0x2514, 0x2534, 0x252C, 0x251C, 0x2500, 0x253C, 0x255E, 0x255F, 0x255A, 0x2554, 0x2569, 0x2566,
    0x2560, 0x2550, 0x256C, 0x2567, 0x2568, 0x2564, 0x2565, 0x2559, 0x2558, 0x2552, 0x2553, 0x256B,
    0x256A, 0x2518, 0x250C, 0x2588, 0x2584, 0x258C, 0x2590, 0x2580, 0x03B1, 0x00DF, 0x0393, 0x03C0,
    0x03A3, 0x03C3, 0x00B5, 0x03C4, 0x03A6, 0x0398, 0x03A9, 0x03B4, 0x221E, 0x03C6, 0x03B5, 0x2229,
    0x2261, 0x00B1, 0x2265, 0x2264, 0x2320, 0x2321, 0x00F7, 0x2248, 0x00B0, 0x2219, 0x00B7, 0x221A,
    0x207F, 0x00B2, 0x25A0, 0x00A0,
];

static CP866: [u16; 256] = [
    0x0000, 0x0001, 0x0002, 0x0003, 0x0004, 0x0005, 0x0006, 0x0007, 0x0008, 0x0009, 0x000A, 0x000B,
    0x000C, 0x000D, 0x000E, 0x000F, 0x0010, 0x0011, 0x0012, 0x0013, 0x0014, 0x0015, 0x0016, 0x0017,
    0x0018, 0x0019, 0x001A, 0x001B, 0x001C, 0x001D, 0x001E, 0x001F, 0x0020, 0x0021, 0x0022, 0x0023,
    0x0024, 0x0025, 0x0026, 0x0027, 0x0028, 0x0029, 0x002A, 0x002B, 0x002C, 0x002D, 0x002E, 0x002F,
    0x0030, 0x0031, 0x0032, 0x0033, 0x0034, 0x0035, 0x0036, 0x0037, 0x0038, 0x0039, 0x003A, 0x003B,
    0x003C, 0x003D, 0x003E, 0x003F, 0x0040, 0x0041, 0x0042, 0x0043, 0x0044, 0x0045, 0x0046, 0x0047,
    0x0048, 0x0049, 0x004A, 0x004B, 0x004C, 0x004D, 0x004E, 0x004F, 0x0050, 0x0051, 0x0052, 0x0053,
    0x0054, 0x0055, 0x0056, 0x0057, 0x0058, 0x0059, 0x005A, 0x005B, 0x005C, 0x005D, 0x005E, 0x005F,
    0x0060, 0x0061, 0x0062, 0x0063, 0x0064, 0x0065, 0x0066, 0x0067, 0x0068, 0x0069, 0x006A, 0x006B,
    0x006C, 0x006D, 0x006E, 0x006F, 0x0070, 0x0071, 0x0072, 0x0073, 0x0074, 0x0075, 0x0076, 0x0077,
    0x0078, 0x0079, 0x007A, 0x007B, 0x007C, 0x007D, 0x007E, 0x007F, 0x0410, 0x0411, 0x0412, 0x0413,
    0x0414, 0x0415, 0x0416, 0x0417, 0x0418, 0x0419, 0x041A, 0x041B, 0x041C, 0x041D, 0x041E, 0x041F,
    0x0420, 0x0421, 0x0422, 0x0423, 0x0424, 0x0425, 0x0426, 0x0427, 0x0428, 0x0429, 0x042A, 0x042B,
    0x042C, 0x042D, 0x042E, 0x042F, 0x0430, 0x0431, 0x0432, 0x0433, 0x0434, 0x0435, 0x0436, 0x0437,
    0x0438, 0x0439, 0x043A, 0x043B, 0x043C, 0x043D, 0x043E, 0x043F, 0x2591, 0x2592, 0x2593, 0x2502,
    0x2524, 0x2561, 0x2562, 0x2556, 0x2555, 0x2563, 0x2551, 0x2557, 0x255D, 0x255C, 0x255B, 0x2510,
    0x2514, 0x2534, 0x252C, 0x251C, 0x2500, 0x253C, 0x255E, 0x255F, 0x255A, 0x2554, 0x2569, 0x2566,
    0x2560, 0x2550, 0x256C, 0x2567, 0x2568, 0x2564, 0x2565, 0x2559, 0x2558, 0x2552, 0x2553, 0x256B,
    0x256A, 0x2518, 0x250C, 0x2588, 0x2584, 0x258C, 0x2590, 0x2580, 0x0440, 0x0441, 0x0442, 0x0443,
    0x0444, 0x0445, 0x0446, 0x0447, 0x0448, 0x0449, 0x044A, 0x044B, 0x044C, 0x044D, 0x044E, 0x044F,
    0x0401, 0x0451, 0x0404, 0x0454, 0x0407, 0x0457, 0x040E, 0x045E, 0x00B0, 0x2219, 0x00B7, 0x221A,
    0x2116, 0x00A4, 0x25A0, 0x00A0,
];

static CP869: [u16; 256] = [
    0x0000, 0x0001, 0x0002, 0x0003, 0x0004, 0x0005, 0x0006, 0x0007, 0x0008, 0x0009, 0x000A, 0x000B,
    0x000C, 0x000D, 0x000E, 0x000F, 0x0010, 0x0011, 0x0012, 0x0013, 0x0014, 0x0015, 0x0016, 0x0017,
    0x0018, 0x0019, 0x001A, 0x001B, 0x001C, 0x001D, 0x001E, 0x001F, 0x0020, 0x0021, 0x0022, 0x0023,
    0x0024, 0x0025, 0x0026, 0x0027, 0x0028, 0x0029, 0x002A, 0x002B, 0x002C, 0x002D, 0x002E, 0x002F,
    0x0030, 0x0031, 0x0032, 0x0033, 0x0034, 0x0035, 0x0036, 0x0037, 0x0038, 0x0039, 0x003A, 0x003B,
    0x003C, 0x003D, 0x003E, 0x003F, 0x0040, 0x0041, 0x0042, 0x0043, 0x0044, 0x0045, 0x0046, 0x0047,
    0x0048, 0x0049, 0x004A, 0x004B, 0x004C, 0x004D, 0x004E, 0x004F, 0x0050, 0x0051, 0x0052, 0x0053,
    0x0054, 0x0055, 0x0056, 0x0057, 0x0058, 0x0059, 0x005A, 0x005B, 0x005C, 0x005D, 0x005E, 0x005F,
    0x0060, 0x0061, 0x0062, 0x0063, 0x0064, 0x0065, 0x0066, 0x0067, 0x0068, 0x0069, 0x006A, 0x006B,
    0x006C, 0x006D, 0x006E, 0x006F, 0x0070, 0x0071, 0x0072, 0x0073, 0x0074, 0x0075, 0x0076, 0x0077,
    0x0078, 0x0079, 0x007A, 0x007B, 0x007C, 0x007D, 0x007E, 0x007F, 0xFFFF, 0xFFFF, 0xFFFF, 0xFFFF,
    0xFFFF, 0xFFFF, 0x0386, 0xFFFF, 0x00B7, 0x00AC, 0x00A6, 0x2018, 0x2019, 0x0388, 0x2015, 0x0389,
    0x038A, 0x03AA, 0x038C, 0xFFFF, 0xFFFF, 0x038E, 0x03AB, 0x00A9, 0x038F, 0x00B2, 0x00B3, 0x03AC,
    0x00A3, 0x03AD, 0x03AE, 0x03AF, 0x03CA, 0x0390, 0x03CC, 0x03CD, 0x0391, 0x0392, 0x0393, 0x0394,
    0x0395, 0x0396, 0x0397, 0x00BD, 0x0398, 0x0399, 0x00AB, 0x00BB, 0x2591, 0x2592, 0x2593, 0x2502,
    0x2524, 0x039A, 0x039B, 0x039C, 0x039D, 0x2563, 0x2551, 0x2557, 0x255D, 0x039E, 0x039F, 0x2510,
    0x2514, 0x2534, 0x252C, 0x251C, 0x2500, 0x253C, 0x03A0, 0x03A1, 0x255A, 0x2554, 0x2569, 0x2566,
    0x2560, 0x2550, 0x256C, 0x03A3, 0x03A4, 0x03A5, 0x03A6, 0x03A7, 0x03A8, 0x03A9, 0x03B1, 0x03B2,
    0x03B3, 0x2518, 0x250C, 0x2588, 0x2584, 0x03B4, 0x03B5, 0x2580, 0x03B6, 0x03B7, 0x03B8, 0x03B9,
    0x03BA, 0x03BB, 0x03BC, 0x03BD, 0x03BE, 0x03BF, 0x03C0, 0x03C1, 0x03C3, 0x03C2, 0x03C4, 0x0384,
    0x00AD, 0x00B1, 0x03C5, 0x03C6, 0x03C7, 0x00A7, 0x03C8, 0x0385, 0x00B0, 0x00A8, 0x03C9, 0x03CB,
    0x03B0, 0x03CE, 0x25A0, 0x00A0,
];

static CP874: [u16; 256] = [
    0x0000, 0x0001, 0x0002, 0x0003, 0x0004, 0x0005, 0x0006, 0x0007, 0x0008, 0x0009, 0x000A, 0x000B,
    0x000C, 0x000D, 0x000E, 0x000F, 0x0010, 0x0011, 0x0012, 0x0013, 0x0014, 0x0015, 0x0016, 0x0017,
    0x0018, 0x0019, 0x001A, 0x001B, 0x001C, 0x001D, 0x001E, 0x001F, 0x0020, 0x0021, 0x0022, 0x0023,
    0x0024, 0x0025, 0x0026, 0x0027, 0x0028, 0x0029, 0x002A, 0x002B, 0x002C, 0x002D, 0x002E, 0x002F,
    0x0030, 0x0031, 0x0032, 0x0033, 0x0034, 0x0035, 0x0036, 0x0037, 0x0038, 0x0039, 0x003A, 0x003B,
    0x003C, 0x003D, 0x003E, 0x003F, 0x0040, 0x0041, 0x0042, 0x0043, 0x0044, 0x0045, 0x0046, 0x0047,
    0x0048, 0x0049, 0x004A, 0x004B, 0x004C, 0x004D, 0x004E, 0x004F, 0x0050, 0x0051, 0x0052, 0x0053,
    0x0054, 0x0055, 0x0056, 0x0057, 0x0058, 0x0059, 0x005A, 0x005B, 0x005C, 0x005D, 0x005E, 0x005F,
    0x0060, 0x0061, 0x0062, 0x0063, 0x0064, 0x0065, 0x0066, 0x0067, 0x0068, 0x0069, 0x006A, 0x006B,
    0x006C, 0x006D, 0x006E, 0x006F, 0x0070, 0x0071, 0x0072, 0x0073, 0x0074, 0x0075, 0x0076, 0x0077,
    0x0078, 0x0079, 0x007A, 0x007B, 0x007C, 0x007D, 0x007E, 0x007F, 0x20AC, 0xFFFF, 0xFFFF, 0xFFFF,
    0xFFFF, 0x2026, 0xFFFF, 0xFFFF, 0xFFFF, 0xFFFF, 0xFFFF, 0xFFFF, 0xFFFF, 0xFFFF, 0xFFFF, 0xFFFF,
    0xFFFF, 0x2018, 0x2019, 0x201C, 0x201D, 0x2022, 0x2013, 0x2014, 0xFFFF, 0xFFFF, 0xFFFF, 0xFFFF,
    0xFFFF, 0xFFFF, 0xFFFF, 0xFFFF, 0x00A0, 0x0E01, 0x0E02, 0x0E03, 0x0E04, 0x0E05, 0x0E06, 0x0E07,
    0x0E08, 0x0E09, 0x0E0A, 0x0E0B, 0x0E0C, 0x0E0D, 0x0E0E, 0x0E0F, 0x0E10, 0x0E11, 0x0E12, 0x0E13,
    0x0E14, 0x0E15, 0x0E16, 0x0E17, 0x0E18, 0x0E19, 0x0E1A, 0x0E1B, 0x0E1C, 0x0E1D, 0x0E1E, 0x0E1F,
    0x0E20, 0x0E21, 0x0E22, 0x0E23, 0x0E24, 0x0E25, 0x0E26, 0x0E27, 0x0E28, 0x0E29, 0x0E2A, 0x0E2B,
    0x0E2C, 0x0E2D, 0x0E2E, 0x0E2F, 0x0E30, 0x0E31, 0x0E32, 0x0E33, 0x0E34, 0x0E35, 0x0E36, 0x0E37,
    0x0E38, 0x0E39, 0x0E3A, 0xFFFF, 0xFFFF, 0xFFFF, 0xFFFF, 0x0E3F, 0x0E40, 0x0E41, 0x0E42, 0x0E43,
    0x0E44, 0x0E45, 0x0E46, 0x0E47, 0x0E48, 0x0E49, 0x0E4A, 0x0E4B, 0x0E4C, 0x0E4D, 0x0E4E, 0x0E4F,
    0x0E50, 0x0E51, 0x0E52, 0x0E53, 0x0E54, 0x0E55, 0x0E56, 0x0E57, 0x0E58, 0x0E59, 0x0E5A, 0x0E5B,
    0xFFFF, 0xFFFF, 0xFFFF, 0xFFFF,
];

static CP875: [u16; 256] = [
    0x0000, 0x0001, 0x0002, 0x0003, 0x009C, 0x0009, 0x0086, 0x007F, 0x0097, 0x008D, 0x008E, 0x000B,
    0x000C, 0x000D, 0x000E, 0x000F, 0x0010, 0x0011, 0x0012, 0x0013, 0x009D, 0x0085, 0x0008, 0x0087,
    0x0018, 0x0019, 0x0092, 0x008F, 0x001C, 0x001D, 0x001E, 0x001F, 0x0080, 0x0081, 0x0082, 0x0083,
    0x0084, 0x000A, 0x0017, 0x001B, 0x0088, 0x0089, 0x008A, 0x008B, 0x008C, 0x0005, 0x0006, 0x0007,
    0x0090, 0x0091, 0x0016, 0x0093, 0x0094, 0x0095, 0x0096, 0x0004, 0x0098, 0x0099, 0x009A, 0x009B,
    0x0014, 0x0015, 0x009E, 0x001A, 0x0020, 0x0391, 0x0392, 0x0393, 0x0394, 0x0395, 0x0396, 0x0397,
    0x0398, 0x0399, 0x005B, 0x002E, 0x003C, 0x0028, 0x002B, 0x0021, 0x0026, 0x039A, 0x039B, 0x039C,
    0x039D, 0x039E, 0x039F, 0x03A0, 0x03A1, 0x03A3, 0x005D, 0x0024, 0x002A, 0x0029, 0x003B, 0x005E,
    0x002D, 0x002F, 0x03A4, 0x03A5, 0x03A6, 0x03A7, 0x03A8, 0x03A9, 0x03AA, 0x03AB, 0x007C, 0x002C,
    0x0025, 0x005F, 0x003E, 0x003F, 0x00A8, 0x0386, 0x0388, 0x0389, 0x00A0, 0x038A, 0x038C, 0x038E,
    0x038F, 0x0060, 0x003A, 0x0023, 0x0040, 0x0027, 0x003D, 0x0022, 0x0385, 0x0061, 0x0062, 0x0063,
    0x0064, 0x0065, 0x0066, 0x0067, 0x0068, 0x0069, 0x03B1, 0x03B2, 0x03B3, 0x03B4, 0x03B5, 0x03B6,
    0x00B0, 0x006A, 0x006B, 0x006C, 0x006D, 0x006E, 0x006F, 0x0070, 0x0071, 0x0072, 0x03B7, 0x03B8,
    0x03B9, 0x03BA, 0x03BB, 0x03BC, 0x00B4, 0x007E, 0x0073, 0x0074, 0x0075, 0x0076, 0x0077, 0x0078,
    0x0079, 0x007A, 0x03BD, 0x03BE, 0x03BF, 0x03C0, 0x03C1, 0x03C3, 0x00A3, 0x03AC, 0x03AD, 0x03AE,
    0x03CA, 0x03AF, 0x03CC, 0x03CD, 0x03CB, 0x03CE, 0x03C2, 0x03C4, 0x03C5, 0x03C6, 0x03C7, 0x03C8,
    0x007B, 0x0041, 0x0042, 0x0043, 0x0044, 0x0045, 0x0046, 0x0047, 0x0048, 0x0049, 0x00AD, 0x03C9,
    0x0390, 0x03B0, 0x2018, 0x2015, 0x007D, 0x004A, 0x004B, 0x004C, 0x004D, 0x004E, 0x004F, 0x0050,
    0x0051, 0x0052, 0x00B1, 0x00BD, 0x001A, 0x0387, 0x2019, 0x00A6, 0x005C, 0x001A, 0x0053, 0x0054,
    0x0055, 0x0056, 0x0057, 0x0058, 0x0059, 0x005A, 0x00B2, 0x00A7, 0x001A, 0x001A, 0x00AB, 0x00AC,
    0x0030, 0x0031, 0x0032, 0x0033, 0x0034, 0x0035, 0x0036, 0x0037, 0x0038, 0x0039, 0x00B3, 0x00A9,
    0x001A, 0x001A, 0x00BB, 0x009F,
];

static HP_ROMAN8: [u16; 256] = [
    0x0000, 0x0001, 0x0002, 0x0003, 0x0004, 0x0005, 0x0006, 0x0007, 0x0008, 0x0009, 0x000A, 0x000B,
    0x000C, 0x000D, 0x000E, 0x000F, 0x0010, 0x0011, 0x0012, 0x0013, 0x0014, 0x0015, 0x0016, 0x0017,
    0x0018, 0x0019, 0x001A, 0x001B, 0x001C, 0x001D, 0x001E, 0x001F, 0x0020, 0x0021, 0x0022, 0x0023,
    0x0024, 0x0025, 0x0026, 0x0027, 0x0028, 0x0029, 0x002A, 0x002B, 0x002C, 0x002D, 0x002E, 0x002F,
    0x0030, 0x0031, 0x0032, 0x0033, 0x0034, 0x0035, 0x0036, 0x0037, 0x0038, 0x0039, 0x003A, 0x003B,
    0x003C, 0x003D, 0x003E, 0x003F, 0x0040, 0x0041, 0x0042, 0x0043, 0x0044, 0x0045, 0x0046, 0x0047,
    0x0048, 0x0049, 0x004A, 0x004B, 0x004C, 0x004D, 0x004E, 0x004F, 0x0050, 0x0051, 0x0052, 0x0053,
    0x0054, 0x0055, 0x0056, 0x0057, 0x0058, 0x0059, 0x005A, 0x005B, 0x005C, 0x005D, 0x005E, 0x005F,
    0x0060, 0x0061, 0x0062, 0x0063, 0x0064, 0x0065, 0x0066, 0x0067, 0x0068, 0x0069, 0x006A, 0x006B,
    0x006C, 0x006D, 0x006E, 0x006F, 0x0070, 0x0071, 0x0072, 0x0073, 0x0074, 0x0075, 0x0076, 0x0077,
    0x0078, 0x0079, 0x007A, 0x007B, 0x007C, 0x007D, 0x007E, 0x007F, 0x0080, 0x0081, 0x0082, 0x0083,
    0x0084, 0x0085, 0x0086, 0x0087, 0x0088, 0x0089, 0x008A, 0x008B, 0x008C, 0x008D, 0x008E, 0x008F,
    0x0090, 0x0091, 0x0092, 0x0093, 0x0094, 0x0095, 0x0096, 0x0097, 0x0098, 0x0099, 0x009A, 0x009B,
    0x009C, 0x009D, 0x009E, 0x009F, 0x00A0, 0x00C0, 0x00C2, 0x00C8, 0x00CA, 0x00CB, 0x00CE, 0x00CF,
    0x00B4, 0x02CB, 0x02C6, 0x00A8, 0x02DC, 0x00D9, 0x00DB, 0x20A4, 0x00AF, 0x00DD, 0x00FD, 0x00B0,
    0x00C7, 0x00E7, 0x00D1, 0x00F1, 0x00A1, 0x00BF, 0x00A4, 0x00A3, 0x00A5, 0x00A7, 0x0192, 0x00A2,
    0x00E2, 0x00EA, 0x00F4, 0x00FB, 0x00E1, 0x00E9, 0x00F3, 0x00FA, 0x00E0, 0x00E8, 0x00F2, 0x00F9,
    0x00E4, 0x00EB, 0x00F6, 0x00FC, 0x00C5, 0x00EE, 0x00D8, 0x00C6, 0x00E5, 0x00ED, 0x00F8, 0x00E6,
    0x00C4, 0x00EC, 0x00D6, 0x00DC, 0x00C9, 0x00EF, 0x00DF, 0x00D4, 0x00C1, 0x00C3, 0x00E3, 0x00D0,
    0x00F0, 0x00CD, 0x00CC, 0x00D3, 0x00D2, 0x00D5, 0x00F5, 0x0160, 0x0161, 0x00DA, 0x0178, 0x00FF,
    0x00DE, 0x00FE, 0x00B7, 0x00B5, 0x00B6, 0x00BE, 0x2014, 0x00BC, 0x00BD, 0x00AA, 0x00BA, 0x00AB,
    0x25A0, 0x00BB, 0x00B1, 0xFFFF,
];

static ISO8859_1: [u16; 256] = [
    0x0000, 0x0001, 0x0002, 0x0003, 0x0004, 0x0005, 0x0006, 0x0007, 0x0008, 0x0009, 0x000A, 0x000B,
    0x000C, 0x000D, 0x000E, 0x000F, 0x0010, 0x0011, 0x0012, 0x0013, 0x0014, 0x0015, 0x0016, 0x0017,
    0x0018, 0x0019, 0x001A, 0x001B, 0x001C, 0x001D, 0x001E, 0x001F, 0x0020, 0x0021, 0x0022, 0x0023,
    0x0024, 0x0025, 0x0026, 0x0027, 0x0028, 0x0029, 0x002A, 0x002B, 0x002C, 0x002D, 0x002E, 0x002F,
    0x0030, 0x0031, 0x0032, 0x0033, 0x0034, 0x0035, 0x0036, 0x0037, 0x0038, 0x0039, 0x003A, 0x003B,
    0x003C, 0x003D, 0x003E, 0x003F, 0x0040, 0x0041, 0x0042, 0x0043, 0x0044, 0x0045, 0x0046, 0x0047,
    0x0048, 0x0049, 0x004A, 0x004B, 0x004C, 0x004D, 0x004E, 0x004F, 0x0050, 0x0051, 0x0052, 0x0053,
    0x0054, 0x0055, 0x0056, 0x0057, 0x0058, 0x0059, 0x005A, 0x005B, 0x005C, 0x005D, 0x005E, 0x005F,
    0x0060, 0x0061, 0x0062, 0x0063, 0x0064, 0x0065, 0x0066, 0x0067, 0x0068, 0x0069, 0x006A, 0x006B,
    0x006C, 0x006D, 0x006E, 0x006F, 0x0070, 0x0071, 0x0072, 0x0073, 0x0074, 0x0075, 0x0076, 0x0077,
    0x0078, 0x0079, 0x007A, 0x007B, 0x007C, 0x007D, 0x007E, 0x007F, 0x0080, 0x0081, 0x0082, 0x0083,
    0x0084, 0x0085, 0x0086, 0x0087, 0x0088, 0x0089, 0x008A, 0x008B, 0x008C, 0x008D, 0x008E, 0x008F,
    0x0090, 0x0091, 0x0092, 0x0093, 0x0094, 0x0095, 0x0096, 0x0097, 0x0098, 0x0099, 0x009A, 0x009B,
    0x009C, 0x009D, 0x009E, 0x009F, 0x00A0, 0x00A1, 0x00A2, 0x00A3, 0x00A4, 0x00A5, 0x00A6, 0x00A7,
    0x00A8, 0x00A9, 0x00AA, 0x00AB, 0x00AC, 0x00AD, 0x00AE, 0x00AF, 0x00B0, 0x00B1, 0x00B2, 0x00B3,
    0x00B4, 0x00B5, 0x00B6, 0x00B7, 0x00B8, 0x00B9, 0x00BA, 0x00BB, 0x00BC, 0x00BD, 0x00BE, 0x00BF,
    0x00C0, 0x00C1, 0x00C2, 0x00C3, 0x00C4, 0x00C5, 0x00C6, 0x00C7, 0x00C8, 0x00C9, 0x00CA, 0x00CB,
    0x00CC, 0x00CD, 0x00CE, 0x00CF, 0x00D0, 0x00D1, 0x00D2, 0x00D3, 0x00D4, 0x00D5, 0x00D6, 0x00D7,
    0x00D8, 0x00D9, 0x00DA, 0x00DB, 0x00DC, 0x00DD, 0x00DE, 0x00DF, 0x00E0, 0x00E1, 0x00E2, 0x00E3,
    0x00E4, 0x00E5, 0x00E6, 0x00E7, 0x00E8, 0x00E9, 0x00EA, 0x00EB, 0x00EC, 0x00ED, 0x00EE, 0x00EF,
    0x00F0, 0x00F1, 0x00F2, 0x00F3, 0x00F4, 0x00F5, 0x00F6, 0x00F7, 0x00F8, 0x00F9, 0x00FA, 0x00FB,
    0x00FC, 0x00FD, 0x00FE, 0x00FF,
];

static ISO8859_10: [u16; 256] = [
    0x0000, 0x0001, 0x0002, 0x0003, 0x0004, 0x0005, 0x0006, 0x0007, 0x0008, 0x0009, 0x000A, 0x000B,
    0x000C, 0x000D, 0x000E, 0x000F, 0x0010, 0x0011, 0x0012, 0x0013, 0x0014, 0x0015, 0x0016, 0x0017,
    0x0018, 0x0019, 0x001A, 0x001B, 0x001C, 0x001D, 0x001E, 0x001F, 0x0020, 0x0021, 0x0022, 0x0023,
    0x0024, 0x0025, 0x0026, 0x0027, 0x0028, 0x0029, 0x002A, 0x002B, 0x002C, 0x002D, 0x002E, 0x002F,
    0x0030, 0x0031, 0x0032, 0x0033, 0x0034, 0x0035, 0x0036, 0x0037, 0x0038, 0x0039, 0x003A, 0x003B,
    0x003C, 0x003D, 0x003E, 0x003F, 0x0040, 0x0041, 0x0042, 0x0043, 0x0044, 0x0045, 0x0046, 0x0047,
    0x0048, 0x0049, 0x004A, 0x004B, 0x004C, 0x004D, 0x004E, 0x004F, 0x0050, 0x0051, 0x0052, 0x0053,
    0x0054, 0x0055, 0x0056, 0x0057, 0x0058, 0x0059, 0x005A, 0x005B, 0x005C, 0x005D, 0x005E, 0x005F,
    0x0060, 0x0061, 0x0062, 0x0063, 0x0064, 0x0065, 0x0066, 0x0067, 0x0068, 0x0069, 0x006A, 0x006B,
    0x006C, 0x006D, 0x006E, 0x006F, 0x0070, 0x0071, 0x0072, 0x0073, 0x0074, 0x0075, 0x0076, 0x0077,
    0x0078, 0x0079, 0x007A, 0x007B, 0x007C, 0x007D, 0x007E, 0x007F, 0x0080, 0x0081, 0x0082, 0x0083,
    0x0084, 0x0085, 0x0086, 0x0087, 0x0088, 0x0089, 0x008A, 0x008B, 0x008C, 0x008D, 0x008E, 0x008F,
    0x0090, 0x0091, 0x0092, 0x0093, 0x0094, 0x0095, 0x0096, 0x0097, 0x0098, 0x0099, 0x009A, 0x009B,
    0x009C, 0x009D, 0x009E, 0x009F, 0x00A0, 0x0104, 0x0112, 0x0122, 0x012A, 0x0128, 0x0136, 0x00A7,
    0x013B, 0x0110, 0x0160, 0x0166, 0x017D, 0x00AD, 0x016A, 0x014A, 0x00B0, 0x0105, 0x0113, 0x0123,
    0x012B, 0x0129, 0x0137, 0x00B7, 0x013C, 0x0111, 0x0161, 0x0167, 0x017E, 0x2015, 0x016B, 0x014B,
    0x0100, 0x00C1, 0x00C2, 0x00C3, 0x00C4, 0x00C5, 0x00C6, 0x012E, 0x010C, 0x00C9, 0x0118, 0x00CB,
    0x0116, 0x00CD, 0x00CE, 0x00CF, 0x00D0, 0x0145, 0x014C, 0x00D3, 0x00D4, 0x00D5, 0x00D6, 0x0168,
    0x00D8, 0x0172, 0x00DA, 0x00DB, 0x00DC, 0x00DD, 0x00DE, 0x00DF, 0x0101, 0x00E1, 0x00E2, 0x00E3,
    0x00E4, 0x00E5, 0x00E6, 0x012F, 0x010D, 0x00E9, 0x0119, 0x00EB, 0x0117, 0x00ED, 0x00EE, 0x00EF,
    0x00F0, 0x0146, 0x014D, 0x00F3, 0x00F4, 0x00F5, 0x00F6, 0x0169, 0x00F8, 0x0173, 0x00FA, 0x00FB,
    0x00FC, 0x00FD, 0x00FE, 0x0138,
];

static ISO8859_11: [u16; 256] = [
    0x0000, 0x0001, 0x0002, 0x0003, 0x0004, 0x0005, 0x0006, 0x0007, 0x0008, 0x0009, 0x000A, 0x000B,
    0x000C, 0x000D, 0x000E, 0x000F, 0x0010, 0x0011, 0x0012, 0x0013, 0x0014, 0x0015, 0x0016, 0x0017,
    0x0018, 0x0019, 0x001A, 0x001B, 0x001C, 0x001D, 0x001E, 0x001F, 0x0020, 0x0021, 0x0022, 0x0023,
    0x0024, 0x0025, 0x0026, 0x0027, 0x0028, 0x0029, 0x002A, 0x002B, 0x002C, 0x002D, 0x002E, 0x002F,
    0x0030, 0x0031, 0x0032, 0x0033, 0x0034, 0x0035, 0x0036, 0x0037, 0x0038, 0x0039, 0x003A, 0x003B,
    0x003C, 0x003D, 0x003E, 0x003F, 0x0040, 0x0041, 0x0042, 0x0043, 0x0044, 0x0045, 0x0046, 0x0047,
    0x0048, 0x0049, 0x004A, 0x004B, 0x004C, 0x004D, 0x004E, 0x004F, 0x0050, 0x0051, 0x0052, 0x0053,
    0x0054, 0x0055, 0x0056, 0x0057, 0x0058, 0x0059, 0x005A, 0x005B, 0x005C, 0x005D, 0x005E, 0x005F,
    0x0060, 0x0061, 0x0062, 0x0063, 0x0064, 0x0065, 0x0066, 0x0067, 0x0068, 0x0069, 0x006A, 0x006B,
    0x006C, 0x006D, 0x006E, 0x006F, 0x0070, 0x0071, 0x0072, 0x0073, 0x0074, 0x0075, 0x0076, 0x0077,
    0x0078, 0x0079, 0x007A, 0x007B, 0x007C, 0x007D, 0x007E, 0x007F, 0x0080, 0x0081, 0x0082, 0x0083,
    0x0084, 0x0085, 0x0086, 0x0087, 0x0088, 0x0089, 0x008A, 0x008B, 0x008C, 0x008D, 0x008E, 0x008F,
    0x0090, 0x0091, 0x0092, 0x0093, 0x0094, 0x0095, 0x0096, 0x0097, 0x0098, 0x0099, 0x009A, 0x009B,
    0x009C, 0x009D, 0x009E, 0x009F, 0x00A0, 0x0E01, 0x0E02, 0x0E03, 0x0E04, 0x0E05, 0x0E06, 0x0E07,
    0x0E08, 0x0E09, 0x0E0A, 0x0E0B, 0x0E0C, 0x0E0D, 0x0E0E, 0x0E0F, 0x0E10, 0x0E11, 0x0E12, 0x0E13,
    0x0E14, 0x0E15, 0x0E16, 0x0E17, 0x0E18, 0x0E19, 0x0E1A, 0x0E1B, 0x0E1C, 0x0E1D, 0x0E1E, 0x0E1F,
    0x0E20, 0x0E21, 0x0E22, 0x0E23, 0x0E24, 0x0E25, 0x0E26, 0x0E27, 0x0E28, 0x0E29, 0x0E2A, 0x0E2B,
    0x0E2C, 0x0E2D, 0x0E2E, 0x0E2F, 0x0E30, 0x0E31, 0x0E32, 0x0E33, 0x0E34, 0x0E35, 0x0E36, 0x0E37,
    0x0E38, 0x0E39, 0x0E3A, 0xFFFF, 0xFFFF, 0xFFFF, 0xFFFF, 0x0E3F, 0x0E40, 0x0E41, 0x0E42, 0x0E43,
    0x0E44, 0x0E45, 0x0E46, 0x0E47, 0x0E48, 0x0E49, 0x0E4A, 0x0E4B, 0x0E4C, 0x0E4D, 0x0E4E, 0x0E4F,
    0x0E50, 0x0E51, 0x0E52, 0x0E53, 0x0E54, 0x0E55, 0x0E56, 0x0E57, 0x0E58, 0x0E59, 0x0E5A, 0x0E5B,
    0xFFFF, 0xFFFF, 0xFFFF, 0xFFFF,
];

static ISO8859_13: [u16; 256] = [
    0x0000, 0x0001, 0x0002, 0x0003, 0x0004, 0x0005, 0x0006, 0x0007, 0x0008, 0x0009, 0x000A, 0x000B,
    0x000C, 0x000D, 0x000E, 0x000F, 0x0010, 0x0011, 0x0012, 0x0013, 0x0014, 0x0015, 0x0016, 0x0017,
    0x0018, 0x0019, 0x001A, 0x001B, 0x001C, 0x001D, 0x001E, 0x001F, 0x0020, 0x0021, 0x0022, 0x0023,
    0x0024, 0x0025, 0x0026, 0x0027, 0x0028, 0x0029, 0x002A, 0x002B, 0x002C, 0x002D, 0x002E, 0x002F,
    0x0030, 0x0031, 0x0032, 0x0033, 0x0034, 0x0035, 0x0036, 0x0037, 0x0038, 0x0039, 0x003A, 0x003B,
    0x003C, 0x003D, 0x003E, 0x003F, 0x0040, 0x0041, 0x0042, 0x0043, 0x0044, 0x0045, 0x0046, 0x0047,
    0x0048, 0x0049, 0x004A, 0x004B, 0x004C, 0x004D, 0x004E, 0x004F, 0x0050, 0x0051, 0x0052, 0x0053,
    0x0054, 0x0055, 0x0056, 0x0057, 0x0058, 0x0059, 0x005A, 0x005B, 0x005C, 0x005D, 0x005E, 0x005F,
    0x0060, 0x0061, 0x0062, 0x0063, 0x0064, 0x0065, 0x0066, 0x0067, 0x0068, 0x0069, 0x006A, 0x006B,
    0x006C, 0x006D, 0x006E, 0x006F, 0x0070, 0x0071, 0x0072, 0x0073, 0x0074, 0x0075, 0x0076, 0x0077,
    0x0078, 0x0079, 0x007A, 0x007B, 0x007C, 0x007D, 0x007E, 0x007F, 0x0080, 0x0081, 0x0082, 0x0083,
    0x0084, 0x0085, 0x0086, 0x0087, 0x0088, 0x0089, 0x008A, 0x008B, 0x008C, 0x008D, 0x008E, 0x008F,
    0x0090, 0x0091, 0x0092, 0x0093, 0x0094, 0x0095, 0x0096, 0x0097, 0x0098, 0x0099, 0x009A, 0x009B,
    0x009C, 0x009D, 0x009E, 0x009F, 0x00A0, 0x201D, 0x00A2, 0x00A3, 0x00A4, 0x201E, 0x00A6, 0x00A7,
    0x00D8, 0x00A9, 0x0156, 0x00AB, 0x00AC, 0x00AD, 0x00AE, 0x00C6, 0x00B0, 0x00B1, 0x00B2, 0x00B3,
    0x201C, 0x00B5, 0x00B6, 0x00B7, 0x00F8, 0x00B9, 0x0157, 0x00BB, 0x00BC, 0x00BD, 0x00BE, 0x00E6,
    0x0104, 0x012E, 0x0100, 0x0106, 0x00C4, 0x00C5, 0x0118, 0x0112, 0x010C, 0x00C9, 0x0179, 0x0116,
    0x0122, 0x0136, 0x012A, 0x013B, 0x0160, 0x0143, 0x0145, 0x00D3, 0x014C, 0x00D5, 0x00D6, 0x00D7,
    0x0172, 0x0141, 0x015A, 0x016A, 0x00DC, 0x017B, 0x017D, 0x00DF, 0x0105, 0x012F, 0x0101, 0x0107,
    0x00E4, 0x00E5, 0x0119, 0x0113, 0x010D, 0x00E9, 0x017A, 0x0117, 0x0123, 0x0137, 0x012B, 0x013C,
    0x0161, 0x0144, 0x0146, 0x00F3, 0x014D, 0x00F5, 0x00F6, 0x00F7, 0x0173, 0x0142, 0x015B, 0x016B,
    0x00FC, 0x017C, 0x017E, 0x2019,
];

static ISO8859_14: [u16; 256] = [
    0x0000, 0x0001, 0x0002, 0x0003, 0x0004, 0x0005, 0x0006, 0x0007, 0x0008, 0x0009, 0x000A, 0x000B,
    0x000C, 0x000D, 0x000E, 0x000F, 0x0010, 0x0011, 0x0012, 0x0013, 0x0014, 0x0015, 0x0016, 0x0017,
    0x0018, 0x0019, 0x001A, 0x001B, 0x001C, 0x001D, 0x001E, 0x001F, 0x0020, 0x0021, 0x0022, 0x0023,
    0x0024, 0x0025, 0x0026, 0x0027, 0x0028, 0x0029, 0x002A, 0x002B, 0x002C, 0x002D, 0x002E, 0x002F,
    0x0030, 0x0031, 0x0032, 0x0033, 0x0034, 0x0035, 0x0036, 0x0037, 0x0038, 0x0039, 0x003A, 0x003B,
    0x003C, 0x003D, 0x003E, 0x003F, 0x0040, 0x0041, 0x0042, 0x0043, 0x0044, 0x0045, 0x0046, 0x0047,
    0x0048, 0x0049, 0x004A, 0x004B, 0x004C, 0x004D, 0x004E, 0x004F, 0x0050, 0x0051, 0x0052, 0x0053,
    0x0054, 0x0055, 0x0056, 0x0057, 0x0058, 0x0059, 0x005A, 0x005B, 0x005C, 0x005D, 0x005E, 0x005F,
    0x0060, 0x0061, 0x0062, 0x0063, 0x0064, 0x0065, 0x0066, 0x0067, 0x0068, 0x0069, 0x006A, 0x006B,
    0x006C, 0x006D, 0x006E, 0x006F, 0x0070, 0x0071, 0x0072, 0x0073, 0x0074, 0x0075, 0x0076, 0x0077,
    0x0078, 0x0079, 0x007A, 0x007B, 0x007C, 0x007D, 0x007E, 0x007F, 0x0080, 0x0081, 0x0082, 0x0083,
    0x0084, 0x0085, 0x0086, 0x0087, 0x0088, 0x0089, 0x008A, 0x008B, 0x008C, 0x008D, 0x008E, 0x008F,
    0x0090, 0x0091, 0x0092, 0x0093, 0x0094, 0x0095, 0x0096, 0x0097, 0x0098, 0x0099, 0x009A, 0x009B,
    0x009C, 0x009D, 0x009E, 0x009F, 0x00A0, 0x1E02, 0x1E03, 0x00A3, 0x010A, 0x010B, 0x1E0A, 0x00A7,
    0x1E80, 0x00A9, 0x1E82, 0x1E0B, 0x1EF2, 0x00AD, 0x00AE, 0x0178, 0x1E1E, 0x1E1F, 0x0120, 0x0121,
    0x1E40, 0x1E41, 0x00B6, 0x1E56, 0x1E81, 0x1E57, 0x1E83, 0x1E60, 0x1EF3, 0x1E84, 0x1E85, 0x1E61,
    0x00C0, 0x00C1, 0x00C2, 0x00C3, 0x00C4, 0x00C5, 0x00C6, 0x00C7, 0x00C8, 0x00C9, 0x00CA, 0x00CB,
    0x00CC, 0x00CD, 0x00CE, 0x00CF, 0x0174, 0x00D1, 0x00D2, 0x00D3, 0x00D4, 0x00D5, 0x00D6, 0x1E6A,
    0x00D8, 0x00D9, 0x00DA, 0x00DB, 0x00DC, 0x00DD, 0x0176, 0x00DF, 0x00E0, 0x00E1, 0x00E2, 0x00E3,
    0x00E4, 0x00E5, 0x00E6, 0x00E7, 0x00E8, 0x00E9, 0x00EA, 0x00EB, 0x00EC, 0x00ED, 0x00EE, 0x00EF,
    0x0175, 0x00F1, 0x00F2, 0x00F3, 0x00F4, 0x00F5, 0x00F6, 0x1E6B, 0x00F8, 0x00F9, 0x00FA, 0x00FB,
    0x00FC, 0x00FD, 0x0177, 0x00FF,
];

static ISO8859_15: [u16; 256] = [
    0x0000, 0x0001, 0x0002, 0x0003, 0x0004, 0x0005, 0x0006, 0x0007, 0x0008, 0x0009, 0x000A, 0x000B,
    0x000C, 0x000D, 0x000E, 0x000F, 0x0010, 0x0011, 0x0012, 0x0013, 0x0014, 0x0015, 0x0016, 0x0017,
    0x0018, 0x0019, 0x001A, 0x001B, 0x001C, 0x001D, 0x001E, 0x001F, 0x0020, 0x0021, 0x0022, 0x0023,
    0x0024, 0x0025, 0x0026, 0x0027, 0x0028, 0x0029, 0x002A, 0x002B, 0x002C, 0x002D, 0x002E, 0x002F,
    0x0030, 0x0031, 0x0032, 0x0033, 0x0034, 0x0035, 0x0036, 0x0037, 0x0038, 0x0039, 0x003A, 0x003B,
    0x003C, 0x003D, 0x003E, 0x003F, 0x0040, 0x0041, 0x0042, 0x0043, 0x0044, 0x0045, 0x0046, 0x0047,
    0x0048, 0x0049, 0x004A, 0x004B, 0x004C, 0x004D, 0x004E, 0x004F, 0x0050, 0x0051, 0x0052, 0x0053,
    0x0054, 0x0055, 0x0056, 0x0057, 0x0058, 0x0059, 0x005A, 0x005B, 0x005C, 0x005D, 0x005E, 0x005F,
    0x0060, 0x0061, 0x0062, 0x0063, 0x0064, 0x0065, 0x0066, 0x0067, 0x0068, 0x0069, 0x006A, 0x006B,
    0x006C, 0x006D, 0x006E, 0x006F, 0x0070, 0x0071, 0x0072, 0x0073, 0x0074, 0x0075, 0x0076, 0x0077,
    0x0078, 0x0079, 0x007A, 0x007B, 0x007C, 0x007D, 0x007E, 0x007F, 0x0080, 0x0081, 0x0082, 0x0083,
    0x0084, 0x0085, 0x0086, 0x0087, 0x0088, 0x0089, 0x008A, 0x008B, 0x008C, 0x008D, 0x008E, 0x008F,
    0x0090, 0x0091, 0x0092, 0x0093, 0x0094, 0x0095, 0x0096, 0x0097, 0x0098, 0x0099, 0x009A, 0x009B,
    0x009C, 0x009D, 0x009E, 0x009F, 0x00A0, 0x00A1, 0x00A2, 0x00A3, 0x20AC, 0x00A5, 0x0160, 0x00A7,
    0x0161, 0x00A9, 0x00AA, 0x00AB, 0x00AC, 0x00AD, 0x00AE, 0x00AF, 0x00B0, 0x00B1, 0x00B2, 0x00B3,
    0x017D, 0x00B5, 0x00B6, 0x00B7, 0x017E, 0x00B9, 0x00BA, 0x00BB, 0x0152, 0x0153, 0x0178, 0x00BF,
    0x00C0, 0x00C1, 0x00C2, 0x00C3, 0x00C4, 0x00C5, 0x00C6, 0x00C7, 0x00C8, 0x00C9, 0x00CA, 0x00CB,
    0x00CC, 0x00CD, 0x00CE, 0x00CF, 0x00D0, 0x00D1, 0x00D2, 0x00D3, 0x00D4, 0x00D5, 0x00D6, 0x00D7,
    0x00D8, 0x00D9, 0x00DA, 0x00DB, 0x00DC, 0x00DD, 0x00DE, 0x00DF, 0x00E0, 0x00E1, 0x00E2, 0x00E3,
    0x00E4, 0x00E5, 0x00E6, 0x00E7, 0x00E8, 0x00E9, 0x00EA, 0x00EB, 0x00EC, 0x00ED, 0x00EE, 0x00EF,
    0x00F0, 0x00F1, 0x00F2, 0x00F3, 0x00F4, 0x00F5, 0x00F6, 0x00F7, 0x00F8, 0x00F9, 0x00FA, 0x00FB,
    0x00FC, 0x00FD, 0x00FE, 0x00FF,
];

static ISO8859_16: [u16; 256] = [
    0x0000, 0x0001, 0x0002, 0x0003, 0x0004, 0x0005, 0x0006, 0x0007, 0x0008, 0x0009, 0x000A, 0x000B,
    0x000C, 0x000D, 0x000E, 0x000F, 0x0010, 0x0011, 0x0012, 0x0013, 0x0014, 0x0015, 0x0016, 0x0017,
    0x0018, 0x0019, 0x001A, 0x001B, 0x001C, 0x001D, 0x001E, 0x001F, 0x0020, 0x0021, 0x0022, 0x0023,
    0x0024, 0x0025, 0x0026, 0x0027, 0x0028, 0x0029, 0x002A, 0x002B, 0x002C, 0x002D, 0x002E, 0x002F,
    0x0030, 0x0031, 0x0032, 0x0033, 0x0034, 0x0035, 0x0036, 0x0037, 0x0038, 0x0039, 0x003A, 0x003B,
    0x003C, 0x003D, 0x003E, 0x003F, 0x0040, 0x0041, 0x0042, 0x0043, 0x0044, 0x0045, 0x0046, 0x0047,
    0x0048, 0x0049, 0x004A, 0x004B, 0x004C, 0x004D, 0x004E, 0x004F, 0x0050, 0x0051, 0x0052, 0x0053,
    0x0054, 0x0055, 0x0056, 0x0057, 0x0058, 0x0059, 0x005A, 0x005B, 0x005C, 0x005D, 0x005E, 0x005F,
    0x0060, 0x0061, 0x0062, 0x0063, 0x0064, 0x0065, 0x0066, 0x0067, 0x0068, 0x0069, 0x006A, 0x006B,
    0x006C, 0x006D, 0x006E, 0x006F, 0x0070, 0x0071, 0x0072, 0x0073, 0x0074, 0x0075, 0x0076, 0x0077,
    0x0078, 0x0079, 0x007A, 0x007B, 0x007C, 0x007D, 0x007E, 0x007F, 0x0080, 0x0081, 0x0082, 0x0083,
    0x0084, 0x0085, 0x0086, 0x0087, 0x0088, 0x0089, 0x008A, 0x008B, 0x008C, 0x008D, 0x008E, 0x008F,
    0x0090, 0x0091, 0x0092, 0x0093, 0x0094, 0x0095, 0x0096, 0x0097, 0x0098, 0x0099, 0x009A, 0x009B,
    0x009C, 0x009D, 0x009E, 0x009F, 0x00A0, 0x0104, 0x0105, 0x0141, 0x20AC, 0x201E, 0x0160, 0x00A7,
    0x0161, 0x00A9, 0x0218, 0x00AB, 0x0179, 0x00AD, 0x017A, 0x017B, 0x00B0, 0x00B1, 0x010C, 0x0142,
    0x017D, 0x201D, 0x00B6, 0x00B7, 0x017E, 0x010D, 0x0219, 0x00BB, 0x0152, 0x0153, 0x0178, 0x017C,
    0x00C0, 0x00C1, 0x00C2, 0x0102, 0x00C4, 0x0106, 0x00C6, 0x00C7, 0x00C8, 0x00C9, 0x00CA, 0x00CB,
    0x00CC, 0x00CD, 0x00CE, 0x00CF, 0x0110, 0x0143, 0x00D2, 0x00D3, 0x00D4, 0x0150, 0x00D6, 0x015A,
    0x0170, 0x00D9, 0x00DA, 0x00DB, 0x00DC, 0x0118, 0x021A, 0x00DF, 0x00E0, 0x00E1, 0x00E2, 0x0103,
    0x00E4, 0x0107, 0x00E6, 0x00E7, 0x00E8, 0x00E9, 0x00EA, 0x00EB, 0x00EC, 0x00ED, 0x00EE, 0x00EF,
    0x0111, 0x0144, 0x00F2, 0x00F3, 0x00F4, 0x0151, 0x00F6, 0x015B, 0x0171, 0x00F9, 0x00FA, 0x00FB,
    0x00FC, 0x0119, 0x021B, 0x00FF,
];

static ISO8859_2: [u16; 256] = [
    0x0000, 0x0001, 0x0002, 0x0003, 0x0004, 0x0005, 0x0006, 0x0007, 0x0008, 0x0009, 0x000A, 0x000B,
    0x000C, 0x000D, 0x000E, 0x000F, 0x0010, 0x0011, 0x0012, 0x0013, 0x0014, 0x0015, 0x0016, 0x0017,
    0x0018, 0x0019, 0x001A, 0x001B, 0x001C, 0x001D, 0x001E, 0x001F, 0x0020, 0x0021, 0x0022, 0x0023,
    0x0024, 0x0025, 0x0026, 0x0027, 0x0028, 0x0029, 0x002A, 0x002B, 0x002C, 0x002D, 0x002E, 0x002F,
    0x0030, 0x0031, 0x0032, 0x0033, 0x0034, 0x0035, 0x0036, 0x0037, 0x0038, 0x0039, 0x003A, 0x003B,
    0x003C, 0x003D, 0x003E, 0x003F, 0x0040, 0x0041, 0x0042, 0x0043, 0x0044, 0x0045, 0x0046, 0x0047,
    0x0048, 0x0049, 0x004A, 0x004B, 0x004C, 0x004D, 0x004E, 0x004F, 0x0050, 0x0051, 0x0052, 0x0053,
    0x0054, 0x0055, 0x0056, 0x0057, 0x0058, 0x0059, 0x005A, 0x005B, 0x005C, 0x005D, 0x005E, 0x005F,
    0x0060, 0x0061, 0x0062, 0x0063, 0x0064, 0x0065, 0x0066, 0x0067, 0x0068, 0x0069, 0x006A, 0x006B,
    0x006C, 0x006D, 0x006E, 0x006F, 0x0070, 0x0071, 0x0072, 0x0073, 0x0074, 0x0075, 0x0076, 0x0077,
    0x0078, 0x0079, 0x007A, 0x007B, 0x007C, 0x007D, 0x007E, 0x007F, 0x0080, 0x0081, 0x0082, 0x0083,
    0x0084, 0x0085, 0x0086, 0x0087, 0x0088, 0x0089, 0x008A, 0x008B, 0x008C, 0x008D, 0x008E, 0x008F,
    0x0090, 0x0091, 0x0092, 0x0093, 0x0094, 0x0095, 0x0096, 0x0097, 0x0098, 0x0099, 0x009A, 0x009B,
    0x009C, 0x009D, 0x009E, 0x009F, 0x00A0, 0x0104, 0x02D8, 0x0141, 0x00A4, 0x013D, 0x015A, 0x00A7,
    0x00A8, 0x0160, 0x015E, 0x0164, 0x0179, 0x00AD, 0x017D, 0x017B, 0x00B0, 0x0105, 0x02DB, 0x0142,
    0x00B4, 0x013E, 0x015B, 0x02C7, 0x00B8, 0x0161, 0x015F, 0x0165, 0x017A, 0x02DD, 0x017E, 0x017C,
    0x0154, 0x00C1, 0x00C2, 0x0102, 0x00C4, 0x0139, 0x0106, 0x00C7, 0x010C, 0x00C9, 0x0118, 0x00CB,
    0x011A, 0x00CD, 0x00CE, 0x010E, 0x0110, 0x0143, 0x0147, 0x00D3, 0x00D4, 0x0150, 0x00D6, 0x00D7,
    0x0158, 0x016E, 0x00DA, 0x0170, 0x00DC, 0x00DD, 0x0162, 0x00DF, 0x0155, 0x00E1, 0x00E2, 0x0103,
    0x00E4, 0x013A, 0x0107, 0x00E7, 0x010D, 0x00E9, 0x0119, 0x00EB, 0x011B, 0x00ED, 0x00EE, 0x010F,
    0x0111, 0x0144, 0x0148, 0x00F3, 0x00F4, 0x0151, 0x00F6, 0x00F7, 0x0159, 0x016F, 0x00FA, 0x0171,
    0x00FC, 0x00FD, 0x0163, 0x02D9,
];

static ISO8859_3: [u16; 256] = [
    0x0000, 0x0001, 0x0002, 0x0003, 0x0004, 0x0005, 0x0006, 0x0007, 0x0008, 0x0009, 0x000A, 0x000B,
    0x000C, 0x000D, 0x000E, 0x000F, 0x0010, 0x0011, 0x0012, 0x0013, 0x0014, 0x0015, 0x0016, 0x0017,
    0x0018, 0x0019, 0x001A, 0x001B, 0x001C, 0x001D, 0x001E, 0x001F, 0x0020, 0x0021, 0x0022, 0x0023,
    0x0024, 0x0025, 0x0026, 0x0027, 0x0028, 0x0029, 0x002A, 0x002B, 0x002C, 0x002D, 0x002E, 0x002F,
    0x0030, 0x0031, 0x0032, 0x0033, 0x0034, 0x0035, 0x0036, 0x0037, 0x0038, 0x0039, 0x003A, 0x003B,
    0x003C, 0x003D, 0x003E, 0x003F, 0x0040, 0x0041, 0x0042, 0x0043, 0x0044, 0x0045, 0x0046, 0x0047,
    0x0048, 0x0049, 0x004A, 0x004B, 0x004C, 0x004D, 0x004E, 0x004F, 0x0050, 0x0051, 0x0052, 0x0053,
    0x0054, 0x0055, 0x0056, 0x0057, 0x0058, 0x0059, 0x005A, 0x005B, 0x005C, 0x005D, 0x005E, 0x005F,
    0x0060, 0x0061, 0x0062, 0x0063, 0x0064, 0x0065, 0x0066, 0x0067, 0x0068, 0x0069, 0x006A, 0x006B,
    0x006C, 0x006D, 0x006E, 0x006F, 0x0070, 0x0071, 0x0072, 0x0073, 0x0074, 0x0075, 0x0076, 0x0077,
    0x0078, 0x0079, 0x007A, 0x007B, 0x007C, 0x007D, 0x007E, 0x007F, 0x0080, 0x0081, 0x0082, 0x0083,
    0x0084, 0x0085, 0x0086, 0x0087, 0x0088, 0x0089, 0x008A, 0x008B, 0x008C, 0x008D, 0x008E, 0x008F,
    0x0090, 0x0091, 0x0092, 0x0093, 0x0094, 0x0095, 0x0096, 0x0097, 0x0098, 0x0099, 0x009A, 0x009B,
    0x009C, 0x009D, 0x009E, 0x009F, 0x00A0, 0x0126, 0x02D8, 0x00A3, 0x00A4, 0xFFFF, 0x0124, 0x00A7,
    0x00A8, 0x0130, 0x015E, 0x011E, 0x0134, 0x00AD, 0xFFFF, 0x017B, 0x00B0, 0x0127, 0x00B2, 0x00B3,
    0x00B4, 0x00B5, 0x0125, 0x00B7, 0x00B8, 0x0131, 0x015F, 0x011F, 0x0135, 0x00BD, 0xFFFF, 0x017C,
    0x00C0, 0x00C1, 0x00C2, 0xFFFF, 0x00C4, 0x010A, 0x0108, 0x00C7, 0x00C8, 0x00C9, 0x00CA, 0x00CB,
    0x00CC, 0x00CD, 0x00CE, 0x00CF, 0xFFFF, 0x00D1, 0x00D2, 0x00D3, 0x00D4, 0x0120, 0x00D6, 0x00D7,
    0x011C, 0x00D9, 0x00DA, 0x00DB, 0x00DC, 0x016C, 0x015C, 0x00DF, 0x00E0, 0x00E1, 0x00E2, 0xFFFF,
    0x00E4, 0x010B, 0x0109, 0x00E7, 0x00E8, 0x00E9, 0x00EA, 0x00EB, 0x00EC, 0x00ED, 0x00EE, 0x00EF,
    0xFFFF, 0x00F1, 0x00F2, 0x00F3, 0x00F4, 0x0121, 0x00F6, 0x00F7, 0x011D, 0x00F9, 0x00FA, 0x00FB,
    0x00FC, 0x016D, 0x015D, 0x02D9,
];

static ISO8859_4: [u16; 256] = [
    0x0000, 0x0001, 0x0002, 0x0003, 0x0004, 0x0005, 0x0006, 0x0007, 0x0008, 0x0009, 0x000A, 0x000B,
    0x000C, 0x000D, 0x000E, 0x000F, 0x0010, 0x0011, 0x0012, 0x0013, 0x0014, 0x0015, 0x0016, 0x0017,
    0x0018, 0x0019, 0x001A, 0x001B, 0x001C, 0x001D, 0x001E, 0x001F, 0x0020, 0x0021, 0x0022, 0x0023,
    0x0024, 0x0025, 0x0026, 0x0027, 0x0028, 0x0029, 0x002A, 0x002B, 0x002C, 0x002D, 0x002E, 0x002F,
    0x0030, 0x0031, 0x0032, 0x0033, 0x0034, 0x0035, 0x0036, 0x0037, 0x0038, 0x0039, 0x003A, 0x003B,
    0x003C, 0x003D, 0x003E, 0x003F, 0x0040, 0x0041, 0x0042, 0x0043, 0x0044, 0x0045, 0x0046, 0x0047,
    0x0048, 0x0049, 0x004A, 0x004B, 0x004C, 0x004D, 0x004E, 0x004F, 0x0050, 0x0051, 0x0052, 0x0053,
    0x0054, 0x0055, 0x0056, 0x0057, 0x0058, 0x0059, 0x005A, 0x005B, 0x005C, 0x005D, 0x005E, 0x005F,
    0x0060, 0x0061, 0x0062, 0x0063, 0x0064, 0x0065, 0x0066, 0x0067, 0x0068, 0x0069, 0x006A, 0x006B,
    0x006C, 0x006D, 0x006E, 0x006F, 0x0070, 0x0071, 0x0072, 0x0073, 0x0074, 0x0075, 0x0076, 0x0077,
    0x0078, 0x0079, 0x007A, 0x007B, 0x007C, 0x007D, 0x007E, 0x007F, 0x0080, 0x0081, 0x0082, 0x0083,
    0x0084, 0x0085, 0x0086, 0x0087, 0x0088, 0x0089, 0x008A, 0x008B, 0x008C, 0x008D, 0x008E, 0x008F,
    0x0090, 0x0091, 0x0092, 0x0093, 0x0094, 0x0095, 0x0096, 0x0097, 0x0098, 0x0099, 0x009A, 0x009B,
    0x009C, 0x009D, 0x009E, 0x009F, 0x00A0, 0x0104, 0x0138, 0x0156, 0x00A4, 0x0128, 0x013B, 0x00A7,
    0x00A8, 0x0160, 0x0112, 0x0122, 0x0166, 0x00AD, 0x017D, 0x00AF, 0x00B0, 0x0105, 0x02DB, 0x0157,
    0x00B4, 0x0129, 0x013C, 0x02C7, 0x00B8, 0x0161, 0x0113, 0x0123, 0x0167, 0x014A, 0x017E, 0x014B,
    0x0100, 0x00C1, 0x00C2, 0x00C3, 0x00C4, 0x00C5, 0x00C6, 0x012E, 0x010C, 0x00C9, 0x0118, 0x00CB,
    0x0116, 0x00CD, 0x00CE, 0x012A, 0x0110, 0x0145, 0x014C, 0x0136, 0x00D4, 0x00D5, 0x00D6, 0x00D7,
    0x00D8, 0x0172, 0x00DA, 0x00DB, 0x00DC, 0x0168, 0x016A, 0x00DF, 0x0101, 0x00E1, 0x00E2, 0x00E3,
    0x00E4, 0x00E5, 0x00E6, 0x012F, 0x010D, 0x00E9, 0x0119, 0x00EB, 0x0117, 0x00ED, 0x00EE, 0x012B,
    0x0111, 0x0146, 0x014D, 0x0137, 0x00F4, 0x00F5, 0x00F6, 0x00F7, 0x00F8, 0x0173, 0x00FA, 0x00FB,
    0x00FC, 0x0169, 0x016B, 0x02D9,
];

static ISO8859_5: [u16; 256] = [
    0x0000, 0x0001, 0x0002, 0x0003, 0x0004, 0x0005, 0x0006, 0x0007, 0x0008, 0x0009, 0x000A, 0x000B,
    0x000C, 0x000D, 0x000E, 0x000F, 0x0010, 0x0011, 0x0012, 0x0013, 0x0014, 0x0015, 0x0016, 0x0017,
    0x0018, 0x0019, 0x001A, 0x001B, 0x001C, 0x001D, 0x001E, 0x001F, 0x0020, 0x0021, 0x0022, 0x0023,
    0x0024, 0x0025, 0x0026, 0x0027, 0x0028, 0x0029, 0x002A, 0x002B, 0x002C, 0x002D, 0x002E, 0x002F,
    0x0030, 0x0031, 0x0032, 0x0033, 0x0034, 0x0035, 0x0036, 0x0037, 0x0038, 0x0039, 0x003A, 0x003B,
    0x003C, 0x003D, 0x003E, 0x003F, 0x0040, 0x0041, 0x0042, 0x0043, 0x0044, 0x0045, 0x0046, 0x0047,
    0x0048, 0x0049, 0x004A, 0x004B, 0x004C, 0x004D, 0x004E, 0x004F, 0x0050, 0x0051, 0x0052, 0x0053,
    0x0054, 0x0055, 0x0056, 0x0057, 0x0058, 0x0059, 0x005A, 0x005B, 0x005C, 0x005D, 0x005E, 0x005F,
    0x0060, 0x0061, 0x0062, 0x0063, 0x0064, 0x0065, 0x0066, 0x0067, 0x0068, 0x0069, 0x006A, 0x006B,
    0x006C, 0x006D, 0x006E, 0x006F, 0x0070, 0x0071, 0x0072, 0x0073, 0x0074, 0x0075, 0x0076, 0x0077,
    0x0078, 0x0079, 0x007A, 0x007B, 0x007C, 0x007D, 0x007E, 0x007F, 0x0080, 0x0081, 0x0082, 0x0083,
    0x0084, 0x0085, 0x0086, 0x0087, 0x0088, 0x0089, 0x008A, 0x008B, 0x008C, 0x008D, 0x008E, 0x008F,
    0x0090, 0x0091, 0x0092, 0x0093, 0x0094, 0x0095, 0x0096, 0x0097, 0x0098, 0x0099, 0x009A, 0x009B,
    0x009C, 0x009D, 0x009E, 0x009F, 0x00A0, 0x0401, 0x0402, 0x0403, 0x0404, 0x0405, 0x0406, 0x0407,
    0x0408, 0x0409, 0x040A, 0x040B, 0x040C, 0x00AD, 0x040E, 0x040F, 0x0410, 0x0411, 0x0412, 0x0413,
    0x0414, 0x0415, 0x0416, 0x0417, 0x0418, 0x0419, 0x041A, 0x041B, 0x041C, 0x041D, 0x041E, 0x041F,
    0x0420, 0x0421, 0x0422, 0x0423, 0x0424, 0x0425, 0x0426, 0x0427, 0x0428, 0x0429, 0x042A, 0x042B,
    0x042C, 0x042D, 0x042E, 0x042F, 0x0430, 0x0431, 0x0432, 0x0433, 0x0434, 0x0435, 0x0436, 0x0437,
    0x0438, 0x0439, 0x043A, 0x043B, 0x043C, 0x043D, 0x043E, 0x043F, 0x0440, 0x0441, 0x0442, 0x0443,
    0x0444, 0x0445, 0x0446, 0x0447, 0x0448, 0x0449, 0x044A, 0x044B, 0x044C, 0x044D, 0x044E, 0x044F,
    0x2116, 0x0451, 0x0452, 0x0453, 0x0454, 0x0455, 0x0456, 0x0457, 0x0458, 0x0459, 0x045A, 0x045B,
    0x045C, 0x00A7, 0x045E, 0x045F,
];

static ISO8859_6: [u16; 256] = [
    0x0000, 0x0001, 0x0002, 0x0003, 0x0004, 0x0005, 0x0006, 0x0007, 0x0008, 0x0009, 0x000A, 0x000B,
    0x000C, 0x000D, 0x000E, 0x000F, 0x0010, 0x0011, 0x0012, 0x0013, 0x0014, 0x0015, 0x0016, 0x0017,
    0x0018, 0x0019, 0x001A, 0x001B, 0x001C, 0x001D, 0x001E, 0x001F, 0x0020, 0x0021, 0x0022, 0x0023,
    0x0024, 0x0025, 0x0026, 0x0027, 0x0028, 0x0029, 0x002A, 0x002B, 0x002C, 0x002D, 0x002E, 0x002F,
    0x0030, 0x0031, 0x0032, 0x0033, 0x0034, 0x0035, 0x0036, 0x0037, 0x0038, 0x0039, 0x003A, 0x003B,
    0x003C, 0x003D, 0x003E, 0x003F, 0x0040, 0x0041, 0x0042, 0x0043, 0x0044, 0x0045, 0x0046, 0x0047,
    0x0048, 0x0049, 0x004A, 0x004B, 0x004C, 0x004D, 0x004E, 0x004F, 0x0050, 0x0051, 0x0052, 0x0053,
    0x0054, 0x0055, 0x0056, 0x0057, 0x0058, 0x0059, 0x005A, 0x005B, 0x005C, 0x005D, 0x005E, 0x005F,
    0x0060, 0x0061, 0x0062, 0x0063, 0x0064, 0x0065, 0x0066, 0x0067, 0x0068, 0x0069, 0x006A, 0x006B,
    0x006C, 0x006D, 0x006E, 0x006F, 0x0070, 0x0071, 0x0072, 0x0073, 0x0074, 0x0075, 0x0076, 0x0077,
    0x0078, 0x0079, 0x007A, 0x007B, 0x007C, 0x007D, 0x007E, 0x007F, 0x0080, 0x0081, 0x0082, 0x0083,
    0x0084, 0x0085, 0x0086, 0x0087, 0x0088, 0x0089, 0x008A, 0x008B, 0x008C, 0x008D, 0x008E, 0x008F,
    0x0090, 0x0091, 0x0092, 0x0093, 0x0094, 0x0095, 0x0096, 0x0097, 0x0098, 0x0099, 0x009A, 0x009B,
    0x009C, 0x009D, 0x009E, 0x009F, 0x00A0, 0xFFFF, 0xFFFF, 0xFFFF, 0x00A4, 0xFFFF, 0xFFFF, 0xFFFF,
    0xFFFF, 0xFFFF, 0xFFFF, 0xFFFF, 0x060C, 0x00AD, 0xFFFF, 0xFFFF, 0xFFFF, 0xFFFF, 0xFFFF, 0xFFFF,
    0xFFFF, 0xFFFF, 0xFFFF, 0xFFFF, 0xFFFF, 0xFFFF, 0xFFFF, 0x061B, 0xFFFF, 0xFFFF, 0xFFFF, 0x061F,
    0xFFFF, 0x0621, 0x0622, 0x0623, 0x0624, 0x0625, 0x0626, 0x0627, 0x0628, 0x0629, 0x062A, 0x062B,
    0x062C, 0x062D, 0x062E, 0x062F, 0x0630, 0x0631, 0x0632, 0x0633, 0x0634, 0x0635, 0x0636, 0x0637,
    0x0638, 0x0639, 0x063A, 0xFFFF, 0xFFFF, 0xFFFF, 0xFFFF, 0xFFFF, 0x0640, 0x0641, 0x0642, 0x0643,
    0x0644, 0x0645, 0x0646, 0x0647, 0x0648, 0x0649, 0x064A, 0x064B, 0x064C, 0x064D, 0x064E, 0x064F,
    0x0650, 0x0651, 0x0652, 0xFFFF, 0xFFFF, 0xFFFF, 0xFFFF, 0xFFFF, 0xFFFF, 0xFFFF, 0xFFFF, 0xFFFF,
    0xFFFF, 0xFFFF, 0xFFFF, 0xFFFF,
];

static ISO8859_7: [u16; 256] = [
    0x0000, 0x0001, 0x0002, 0x0003, 0x0004, 0x0005, 0x0006, 0x0007, 0x0008, 0x0009, 0x000A, 0x000B,
    0x000C, 0x000D, 0x000E, 0x000F, 0x0010, 0x0011, 0x0012, 0x0013, 0x0014, 0x0015, 0x0016, 0x0017,
    0x0018, 0x0019, 0x001A, 0x001B, 0x001C, 0x001D, 0x001E, 0x001F, 0x0020, 0x0021, 0x0022, 0x0023,
    0x0024, 0x0025, 0x0026, 0x0027, 0x0028, 0x0029, 0x002A, 0x002B, 0x002C, 0x002D, 0x002E, 0x002F,
    0x0030, 0x0031, 0x0032, 0x0033, 0x0034, 0x0035, 0x0036, 0x0037, 0x0038, 0x0039, 0x003A, 0x003B,
    0x003C, 0x003D, 0x003E, 0x003F, 0x0040, 0x0041, 0x0042, 0x0043, 0x0044, 0x0045, 0x0046, 0x0047,
    0x0048, 0x0049, 0x004A, 0x004B, 0x004C, 0x004D, 0x004E, 0x004F, 0x0050, 0x0051, 0x0052, 0x0053,
    0x0054, 0x0055, 0x0056, 0x0057, 0x0058, 0x0059, 0x005A, 0x005B, 0x005C, 0x005D, 0x005E, 0x005F,
    0x0060, 0x0061, 0x0062, 0x0063, 0x0064, 0x0065, 0x0066, 0x0067, 0x0068, 0x0069, 0x006A, 0x006B,
    0x006C, 0x006D, 0x006E, 0x006F, 0x0070, 0x0071, 0x0072, 0x0073, 0x0074, 0x0075, 0x0076, 0x0077,
    0x0078, 0x0079, 0x007A, 0x007B, 0x007C, 0x007D, 0x007E, 0x007F, 0x0080, 0x0081, 0x0082, 0x0083,
    0x0084, 0x0085, 0x0086, 0x0087, 0x0088, 0x0089, 0x008A, 0x008B, 0x008C, 0x008D, 0x008E, 0x008F,
    0x0090, 0x0091, 0x0092, 0x0093, 0x0094, 0x0095, 0x0096, 0x0097, 0x0098, 0x0099, 0x009A, 0x009B,
    0x009C, 0x009D, 0x009E, 0x009F, 0x00A0, 0x2018, 0x2019, 0x00A3, 0x20AC, 0x20AF, 0x00A6, 0x00A7,
    0x00A8, 0x00A9, 0x037A, 0x00AB, 0x00AC, 0x00AD, 0xFFFF, 0x2015, 0x00B0, 0x00B1, 0x00B2, 0x00B3,
    0x0384, 0x0385, 0x0386, 0x00B7, 0x0388, 0x0389, 0x038A, 0x00BB, 0x038C, 0x00BD, 0x038E, 0x038F,
    0x0390, 0x0391, 0x0392, 0x0393, 0x0394, 0x0395, 0x0396, 0x0397, 0x0398, 0x0399, 0x039A, 0x039B,
    0x039C, 0x039D, 0x039E, 0x039F, 0x03A0, 0x03A1, 0xFFFF, 0x03A3, 0x03A4, 0x03A5, 0x03A6, 0x03A7,
    0x03A8, 0x03A9, 0x03AA, 0x03AB, 0x03AC, 0x03AD, 0x03AE, 0x03AF, 0x03B0, 0x03B1, 0x03B2, 0x03B3,
    0x03B4, 0x03B5, 0x03B6, 0x03B7, 0x03B8, 0x03B9, 0x03BA, 0x03BB, 0x03BC, 0x03BD, 0x03BE, 0x03BF,
    0x03C0, 0x03C1, 0x03C2, 0x03C3, 0x03C4, 0x03C5, 0x03C6, 0x03C7, 0x03C8, 0x03C9, 0x03CA, 0x03CB,
    0x03CC, 0x03CD, 0x03CE, 0xFFFF,
];

static ISO8859_8: [u16; 256] = [
    0x0000, 0x0001, 0x0002, 0x0003, 0x0004, 0x0005, 0x0006, 0x0007, 0x0008, 0x0009, 0x000A, 0x000B,
    0x000C, 0x000D, 0x000E, 0x000F, 0x0010, 0x0011, 0x0012, 0x0013, 0x0014, 0x0015, 0x0016, 0x0017,
    0x0018, 0x0019, 0x001A, 0x001B, 0x001C, 0x001D, 0x001E, 0x001F, 0x0020, 0x0021, 0x0022, 0x0023,
    0x0024, 0x0025, 0x0026, 0x0027, 0x0028, 0x0029, 0x002A, 0x002B, 0x002C, 0x002D, 0x002E, 0x002F,
    0x0030, 0x0031, 0x0032, 0x0033, 0x0034, 0x0035, 0x0036, 0x0037, 0x0038, 0x0039, 0x003A, 0x003B,
    0x003C, 0x003D, 0x003E, 0x003F, 0x0040, 0x0041, 0x0042, 0x0043, 0x0044, 0x0045, 0x0046, 0x0047,
    0x0048, 0x0049, 0x004A, 0x004B, 0x004C, 0x004D, 0x004E, 0x004F, 0x0050, 0x0051, 0x0052, 0x0053,
    0x0054, 0x0055, 0x0056, 0x0057, 0x0058, 0x0059, 0x005A, 0x005B, 0x005C, 0x005D, 0x005E, 0x005F,
    0x0060, 0x0061, 0x0062, 0x0063, 0x0064, 0x0065, 0x0066, 0x0067, 0x0068, 0x0069, 0x006A, 0x006B,
    0x006C, 0x006D, 0x006E, 0x006F, 0x0070, 0x0071, 0x0072, 0x0073, 0x0074, 0x0075, 0x0076, 0x0077,
    0x0078, 0x0079, 0x007A, 0x007B, 0x007C, 0x007D, 0x007E, 0x007F, 0x0080, 0x0081, 0x0082, 0x0083,
    0x0084, 0x0085, 0x0086, 0x0087, 0x0088, 0x0089, 0x008A, 0x008B, 0x008C, 0x008D, 0x008E, 0x008F,
    0x0090, 0x0091, 0x0092, 0x0093, 0x0094, 0x0095, 0x0096, 0x0097, 0x0098, 0x0099, 0x009A, 0x009B,
    0x009C, 0x009D, 0x009E, 0x009F, 0x00A0, 0xFFFF, 0x00A2, 0x00A3, 0x00A4, 0x00A5, 0x00A6, 0x00A7,
    0x00A8, 0x00A9, 0x00D7, 0x00AB, 0x00AC, 0x00AD, 0x00AE, 0x00AF, 0x00B0, 0x00B1, 0x00B2, 0x00B3,
    0x00B4, 0x00B5, 0x00B6, 0x00B7, 0x00B8, 0x00B9, 0x00F7, 0x00BB, 0x00BC, 0x00BD, 0x00BE, 0xFFFF,
    0xFFFF, 0xFFFF, 0xFFFF, 0xFFFF, 0xFFFF, 0xFFFF, 0xFFFF, 0xFFFF, 0xFFFF, 0xFFFF, 0xFFFF, 0xFFFF,
    0xFFFF, 0xFFFF, 0xFFFF, 0xFFFF, 0xFFFF, 0xFFFF, 0xFFFF, 0xFFFF, 0xFFFF, 0xFFFF, 0xFFFF, 0xFFFF,
    0xFFFF, 0xFFFF, 0xFFFF, 0xFFFF, 0xFFFF, 0xFFFF, 0xFFFF, 0x2017, 0x05D0, 0x05D1, 0x05D2, 0x05D3,
    0x05D4, 0x05D5, 0x05D6, 0x05D7, 0x05D8, 0x05D9, 0x05DA, 0x05DB, 0x05DC, 0x05DD, 0x05DE, 0x05DF,
    0x05E0, 0x05E1, 0x05E2, 0x05E3, 0x05E4, 0x05E5, 0x05E6, 0x05E7, 0x05E8, 0x05E9, 0x05EA, 0xFFFF,
    0xFFFF, 0x200E, 0x200F, 0xFFFF,
];

static ISO8859_9: [u16; 256] = [
    0x0000, 0x0001, 0x0002, 0x0003, 0x0004, 0x0005, 0x0006, 0x0007, 0x0008, 0x0009, 0x000A, 0x000B,
    0x000C, 0x000D, 0x000E, 0x000F, 0x0010, 0x0011, 0x0012, 0x0013, 0x0014, 0x0015, 0x0016, 0x0017,
    0x0018, 0x0019, 0x001A, 0x001B, 0x001C, 0x001D, 0x001E, 0x001F, 0x0020, 0x0021, 0x0022, 0x0023,
    0x0024, 0x0025, 0x0026, 0x0027, 0x0028, 0x0029, 0x002A, 0x002B, 0x002C, 0x002D, 0x002E, 0x002F,
    0x0030, 0x0031, 0x0032, 0x0033, 0x0034, 0x0035, 0x0036, 0x0037, 0x0038, 0x0039, 0x003A, 0x003B,
    0x003C, 0x003D, 0x003E, 0x003F, 0x0040, 0x0041, 0x0042, 0x0043, 0x0044, 0x0045, 0x0046, 0x0047,
    0x0048, 0x0049, 0x004A, 0x004B, 0x004C, 0x004D, 0x004E, 0x004F, 0x0050, 0x0051, 0x0052, 0x0053,
    0x0054, 0x0055, 0x0056, 0x0057, 0x0058, 0x0059, 0x005A, 0x005B, 0x005C, 0x005D, 0x005E, 0x005F,
    0x0060, 0x0061, 0x0062, 0x0063, 0x0064, 0x0065, 0x0066, 0x0067, 0x0068, 0x0069, 0x006A, 0x006B,
    0x006C, 0x006D, 0x006E, 0x006F, 0x0070, 0x0071, 0x0072, 0x0073, 0x0074, 0x0075, 0x0076, 0x0077,
    0x0078, 0x0079, 0x007A, 0x007B, 0x007C, 0x007D, 0x007E, 0x007F, 0x0080, 0x0081, 0x0082, 0x0083,
    0x0084, 0x0085, 0x0086, 0x0087, 0x0088, 0x0089, 0x008A, 0x008B, 0x008C, 0x008D, 0x008E, 0x008F,
    0x0090, 0x0091, 0x0092, 0x0093, 0x0094, 0x0095, 0x0096, 0x0097, 0x0098, 0x0099, 0x009A, 0x009B,
    0x009C, 0x009D, 0x009E, 0x009F, 0x00A0, 0x00A1, 0x00A2, 0x00A3, 0x00A4, 0x00A5, 0x00A6, 0x00A7,
    0x00A8, 0x00A9, 0x00AA, 0x00AB, 0x00AC, 0x00AD, 0x00AE, 0x00AF, 0x00B0, 0x00B1, 0x00B2, 0x00B3,
    0x00B4, 0x00B5, 0x00B6, 0x00B7, 0x00B8, 0x00B9, 0x00BA, 0x00BB, 0x00BC, 0x00BD, 0x00BE, 0x00BF,
    0x00C0, 0x00C1, 0x00C2, 0x00C3, 0x00C4, 0x00C5, 0x00C6, 0x00C7, 0x00C8, 0x00C9, 0x00CA, 0x00CB,
    0x00CC, 0x00CD, 0x00CE, 0x00CF, 0x011E, 0x00D1, 0x00D2, 0x00D3, 0x00D4, 0x00D5, 0x00D6, 0x00D7,
    0x00D8, 0x00D9, 0x00DA, 0x00DB, 0x00DC, 0x0130, 0x015E, 0x00DF, 0x00E0, 0x00E1, 0x00E2, 0x00E3,
    0x00E4, 0x00E5, 0x00E6, 0x00E7, 0x00E8, 0x00E9, 0x00EA, 0x00EB, 0x00EC, 0x00ED, 0x00EE, 0x00EF,
    0x011F, 0x00F1, 0x00F2, 0x00F3, 0x00F4, 0x00F5, 0x00F6, 0x00F7, 0x00F8, 0x00F9, 0x00FA, 0x00FB,
    0x00FC, 0x0131, 0x015F, 0x00FF,
];

static KOI8_R: [u16; 256] = [
    0x0000, 0x0001, 0x0002, 0x0003, 0x0004, 0x0005, 0x0006, 0x0007, 0x0008, 0x0009, 0x000A, 0x000B,
    0x000C, 0x000D, 0x000E, 0x000F, 0x0010, 0x0011, 0x0012, 0x0013, 0x0014, 0x0015, 0x0016, 0x0017,
    0x0018, 0x0019, 0x001A, 0x001B, 0x001C, 0x001D, 0x001E, 0x001F, 0x0020, 0x0021, 0x0022, 0x0023,
    0x0024, 0x0025, 0x0026, 0x0027, 0x0028, 0x0029, 0x002A, 0x002B, 0x002C, 0x002D, 0x002E, 0x002F,
    0x0030, 0x0031, 0x0032, 0x0033, 0x0034, 0x0035, 0x0036, 0x0037, 0x0038, 0x0039, 0x003A, 0x003B,
    0x003C, 0x003D, 0x003E, 0x003F, 0x0040, 0x0041, 0x0042, 0x0043, 0x0044, 0x0045, 0x0046, 0x0047,
    0x0048, 0x0049, 0x004A, 0x004B, 0x004C, 0x004D, 0x004E, 0x004F, 0x0050, 0x0051, 0x0052, 0x0053,
    0x0054, 0x0055, 0x0056, 0x0057, 0x0058, 0x0059, 0x005A, 0x005B, 0x005C, 0x005D, 0x005E, 0x005F,
    0x0060, 0x0061, 0x0062, 0x0063, 0x0064, 0x0065, 0x0066, 0x0067, 0x0068, 0x0069, 0x006A, 0x006B,
    0x006C, 0x006D, 0x006E, 0x006F, 0x0070, 0x0071, 0x0072, 0x0073, 0x0074, 0x0075, 0x0076, 0x0077,
    0x0078, 0x0079, 0x007A, 0x007B, 0x007C, 0x007D, 0x007E, 0x007F, 0x2500, 0x2502, 0x250C, 0x2510,
    0x2514, 0x2518, 0x251C, 0x2524, 0x252C, 0x2534, 0x253C, 0x2580, 0x2584, 0x2588, 0x258C, 0x2590,
    0x2591, 0x2592, 0x2593, 0x2320, 0x25A0, 0x2219, 0x221A, 0x2248, 0x2264, 0x2265, 0x00A0, 0x2321,
    0x00B0, 0x00B2, 0x00B7, 0x00F7, 0x2550, 0x2551, 0x2552, 0x0451, 0x2553, 0x2554, 0x2555, 0x2556,
    0x2557, 0x2558, 0x2559, 0x255A, 0x255B, 0x255C, 0x255D, 0x255E, 0x255F, 0x2560, 0x2561, 0x0401,
    0x2562, 0x2563, 0x2564, 0x2565, 0x2566, 0x2567, 0x2568, 0x2569, 0x256A, 0x256B, 0x256C, 0x00A9,
    0x044E, 0x0430, 0x0431, 0x0446, 0x0434, 0x0435, 0x0444, 0x0433, 0x0445, 0x0438, 0x0439, 0x043A,
    0x043B, 0x043C, 0x043D, 0x043E, 0x043F, 0x044F, 0x0440, 0x0441, 0x0442, 0x0443, 0x0436, 0x0432,
    0x044C, 0x044B, 0x0437, 0x0448, 0x044D, 0x0449, 0x0447, 0x044A, 0x042E, 0x0410, 0x0411, 0x0426,
    0x0414, 0x0415, 0x0424, 0x0413, 0x0425, 0x0418, 0x0419, 0x041A, 0x041B, 0x041C, 0x041D, 0x041E,
    0x041F, 0x042F, 0x0420, 0x0421, 0x0422, 0x0423, 0x0416, 0x0412, 0x042C, 0x042B, 0x0417, 0x0428,
    0x042D, 0x0429, 0x0427, 0x042A,
];

static KOI8_T: [u16; 256] = [
    0x0000, 0x0001, 0x0002, 0x0003, 0x0004, 0x0005, 0x0006, 0x0007, 0x0008, 0x0009, 0x000A, 0x000B,
    0x000C, 0x000D, 0x000E, 0x000F, 0x0010, 0x0011, 0x0012, 0x0013, 0x0014, 0x0015, 0x0016, 0x0017,
    0x0018, 0x0019, 0x001A, 0x001B, 0x001C, 0x001D, 0x001E, 0x001F, 0x0020, 0x0021, 0x0022, 0x0023,
    0x0024, 0x0025, 0x0026, 0x0027, 0x0028, 0x0029, 0x002A, 0x002B, 0x002C, 0x002D, 0x002E, 0x002F,
    0x0030, 0x0031, 0x0032, 0x0033, 0x0034, 0x0035, 0x0036, 0x0037, 0x0038, 0x0039, 0x003A, 0x003B,
    0x003C, 0x003D, 0x003E, 0x003F, 0x0040, 0x0041, 0x0042, 0x0043, 0x0044, 0x0045, 0x0046, 0x0047,
    0x0048, 0x0049, 0x004A, 0x004B, 0x004C, 0x004D, 0x004E, 0x004F, 0x0050, 0x0051, 0x0052, 0x0053,
    0x0054, 0x0055, 0x0056, 0x0057, 0x0058, 0x0059, 0x005A, 0x005B, 0x005C, 0x005D, 0x005E, 0x005F,
    0x0060, 0x0061, 0x0062, 0x0063, 0x0064, 0x0065, 0x0066, 0x0067, 0x0068, 0x0069, 0x006A, 0x006B,
    0x006C, 0x006D, 0x006E, 0x006F, 0x0070, 0x0071, 0x0072, 0x0073, 0x0074, 0x0075, 0x0076, 0x0077,
    0x0078, 0x0079, 0x007A, 0x007B, 0x007C, 0x007D, 0x007E, 0x007F, 0x049B, 0x0493, 0x201A, 0x0492,
    0x201E, 0x2026, 0x2020, 0x2021, 0xFFFF, 0x2030, 0x04B3, 0x2039, 0x04B2, 0x04B7, 0x04B6, 0xFFFF,
    0x049A, 0x2018, 0x2019, 0x201C, 0x201D, 0x2022, 0x2013, 0x2014, 0xFFFF, 0x2122, 0xFFFF, 0x203A,
    0xFFFF, 0xFFFF, 0xFFFF, 0xFFFF, 0xFFFF, 0x04EF, 0x04EE, 0x0451, 0x00A4, 0x04E3, 0x00A6, 0x00A7,
    0xFFFF, 0xFFFF, 0xFFFF, 0x00AB, 0x00AC, 0x00AD, 0x00AE, 0xFFFF, 0x00B0, 0x00B1, 0x00B2, 0x0401,
    0xFFFF, 0x04E2, 0x00B6, 0x00B7, 0xFFFF, 0x2116, 0xFFFF, 0x00BB, 0xFFFF, 0xFFFF, 0xFFFF, 0x00A9,
    0x044E, 0x0430, 0x0431, 0x0446, 0x0434, 0x0435, 0x0444, 0x0433, 0x0445, 0x0438, 0x0439, 0x043A,
    0x043B, 0x043C, 0x043D, 0x043E, 0x043F, 0x044F, 0x0440, 0x0441, 0x0442, 0x0443, 0x0436, 0x0432,
    0x044C, 0x044B, 0x0437, 0x0448, 0x044D, 0x0449, 0x0447, 0x044A, 0x042E, 0x0410, 0x0411, 0x0426,
    0x0414, 0x0415, 0x0424, 0x0413, 0x0425, 0x0418, 0x0419, 0x041A, 0x041B, 0x041C, 0x041D, 0x041E,
    0x041F, 0x042F, 0x0420, 0x0421, 0x0422, 0x0423, 0x0416, 0x0412, 0x042C, 0x042B, 0x0417, 0x0428,
    0x042D, 0x0429, 0x0427, 0x042A,
];

static KOI8_U: [u16; 256] = [
    0x0000, 0x0001, 0x0002, 0x0003, 0x0004, 0x0005, 0x0006, 0x0007, 0x0008, 0x0009, 0x000A, 0x000B,
    0x000C, 0x000D, 0x000E, 0x000F, 0x0010, 0x0011, 0x0012, 0x0013, 0x0014, 0x0015, 0x0016, 0x0017,
    0x0018, 0x0019, 0x001A, 0x001B, 0x001C, 0x001D, 0x001E, 0x001F, 0x0020, 0x0021, 0x0022, 0x0023,
    0x0024, 0x0025, 0x0026, 0x0027, 0x0028, 0x0029, 0x002A, 0x002B, 0x002C, 0x002D, 0x002E, 0x002F,
    0x0030, 0x0031, 0x0032, 0x0033, 0x0034, 0x0035, 0x0036, 0x0037, 0x0038, 0x0039, 0x003A, 0x003B,
    0x003C, 0x003D, 0x003E, 0x003F, 0x0040, 0x0041, 0x0042, 0x0043, 0x0044, 0x0045, 0x0046, 0x0047,
    0x0048, 0x0049, 0x004A, 0x004B, 0x004C, 0x004D, 0x004E, 0x004F, 0x0050, 0x0051, 0x0052, 0x0053,
    0x0054, 0x0055, 0x0056, 0x0057, 0x0058, 0x0059, 0x005A, 0x005B, 0x005C, 0x005D, 0x005E, 0x005F,
    0x0060, 0x0061, 0x0062, 0x0063, 0x0064, 0x0065, 0x0066, 0x0067, 0x0068, 0x0069, 0x006A, 0x006B,
    0x006C, 0x006D, 0x006E, 0x006F, 0x0070, 0x0071, 0x0072, 0x0073, 0x0074, 0x0075, 0x0076, 0x0077,
    0x0078, 0x0079, 0x007A, 0x007B, 0x007C, 0x007D, 0x007E, 0x007F, 0x2500, 0x2502, 0x250C, 0x2510,
    0x2514, 0x2518, 0x251C, 0x2524, 0x252C, 0x2534, 0x253C, 0x2580, 0x2584, 0x2588, 0x258C, 0x2590,
    0x2591, 0x2592, 0x2593, 0x2320, 0x25A0, 0x2219, 0x221A, 0x2248, 0x2264, 0x2265, 0x00A0, 0x2321,
    0x00B0, 0x00B2, 0x00B7, 0x00F7, 0x2550, 0x2551, 0x2552, 0x0451, 0x0454, 0x2554, 0x0456, 0x0457,
    0x2557, 0x2558, 0x2559, 0x255A, 0x255B, 0x0491, 0x255D, 0x255E, 0x255F, 0x2560, 0x2561, 0x0401,
    0x0404, 0x2563, 0x0406, 0x0407, 0x2566, 0x2567, 0x2568, 0x2569, 0x256A, 0x0490, 0x256C, 0x00A9,
    0x044E, 0x0430, 0x0431, 0x0446, 0x0434, 0x0435, 0x0444, 0x0433, 0x0445, 0x0438, 0x0439, 0x043A,
    0x043B, 0x043C, 0x043D, 0x043E, 0x043F, 0x044F, 0x0440, 0x0441, 0x0442, 0x0443, 0x0436, 0x0432,
    0x044C, 0x044B, 0x0437, 0x0448, 0x044D, 0x0449, 0x0447, 0x044A, 0x042E, 0x0410, 0x0411, 0x0426,
    0x0414, 0x0415, 0x0424, 0x0413, 0x0425, 0x0418, 0x0419, 0x041A, 0x041B, 0x041C, 0x041D, 0x041E,
    0x041F, 0x042F, 0x0420, 0x0421, 0x0422, 0x0423, 0x0416, 0x0412, 0x042C, 0x042B, 0x0417, 0x0428,
    0x042D, 0x0429, 0x0427, 0x042A,
];

static KZ1048: [u16; 256] = [
    0x0000, 0x0001, 0x0002, 0x0003, 0x0004, 0x0005, 0x0006, 0x0007, 0x0008, 0x0009, 0x000A, 0x000B,
    0x000C, 0x000D, 0x000E, 0x000F, 0x0010, 0x0011, 0x0012, 0x0013, 0x0014, 0x0015, 0x0016, 0x0017,
    0x0018, 0x0019, 0x001A, 0x001B, 0x001C, 0x001D, 0x001E, 0x001F, 0x0020, 0x0021, 0x0022, 0x0023,
    0x0024, 0x0025, 0x0026, 0x0027, 0x0028, 0x0029, 0x002A, 0x002B, 0x002C, 0x002D, 0x002E, 0x002F,
    0x0030, 0x0031, 0x0032, 0x0033, 0x0034, 0x0035, 0x0036, 0x0037, 0x0038, 0x0039, 0x003A, 0x003B,
    0x003C, 0x003D, 0x003E, 0x003F, 0x0040, 0x0041, 0x0042, 0x0043, 0x0044, 0x0045, 0x0046, 0x0047,
    0x0048, 0x0049, 0x004A, 0x004B, 0x004C, 0x004D, 0x004E, 0x004F, 0x0050, 0x0051, 0x0052, 0x0053,
    0x0054, 0x0055, 0x0056, 0x0057, 0x0058, 0x0059, 0x005A, 0x005B, 0x005C, 0x005D, 0x005E, 0x005F,
    0x0060, 0x0061, 0x0062, 0x0063, 0x0064, 0x0065, 0x0066, 0x0067, 0x0068, 0x0069, 0x006A, 0x006B,
    0x006C, 0x006D, 0x006E, 0x006F, 0x0070, 0x0071, 0x0072, 0x0073, 0x0074, 0x0075, 0x0076, 0x0077,
    0x0078, 0x0079, 0x007A, 0x007B, 0x007C, 0x007D, 0x007E, 0x007F, 0x0402, 0x0403, 0x201A, 0x0453,
    0x201E, 0x2026, 0x2020, 0x2021, 0x20AC, 0x2030, 0x0409, 0x2039, 0x040A, 0x049A, 0x04BA, 0x040F,
    0x0452, 0x2018, 0x2019, 0x201C, 0x201D, 0x2022, 0x2013, 0x2014, 0xFFFF, 0x2122, 0x0459, 0x203A,
    0x045A, 0x049B, 0x04BB, 0x045F, 0x00A0, 0x04B0, 0x04B1, 0x04D8, 0x00A4, 0x04E8, 0x00A6, 0x00A7,
    0x0401, 0x00A9, 0x0492, 0x00AB, 0x00AC, 0x00AD, 0x00AE, 0x04AE, 0x00B0, 0x00B1, 0x0406, 0x0456,
    0x04E9, 0x00B5, 0x00B6, 0x00B7, 0x0451, 0x2116, 0x0493, 0x00BB, 0x04D9, 0x04A2, 0x04A3, 0x04AF,
    0x0410, 0x0411, 0x0412, 0x0413, 0x0414, 0x0415, 0x0416, 0x0417, 0x0418, 0x0419, 0x041A, 0x041B,
    0x041C, 0x041D, 0x041E, 0x041F, 0x0420, 0x0421, 0x0422, 0x0423, 0x0424, 0x0425, 0x0426, 0x0427,
    0x0428, 0x0429, 0x042A, 0x042B, 0x042C, 0x042D, 0x042E, 0x042F, 0x0430, 0x0431, 0x0432, 0x0433,
    0x0434, 0x0435, 0x0436, 0x0437, 0x0438, 0x0439, 0x043A, 0x043B, 0x043C, 0x043D, 0x043E, 0x043F,
    0x0440, 0x0441, 0x0442, 0x0443, 0x0444, 0x0445, 0x0446, 0x0447, 0x0448, 0x0449, 0x044A, 0x044B,
    0x044C, 0x044D, 0x044E, 0x044F,
];

static LATIN_1: [u16; 256] = [
    0x0000, 0x0001, 0x0002, 0x0003, 0x0004, 0x0005, 0x0006, 0x0007, 0x0008, 0x0009, 0x000A, 0x000B,
    0x000C, 0x000D, 0x000E, 0x000F, 0x0010, 0x0011, 0x0012, 0x0013, 0x0014, 0x0015, 0x0016, 0x0017,
    0x0018, 0x0019, 0x001A, 0x001B, 0x001C, 0x001D, 0x001E, 0x001F, 0x0020, 0x0021, 0x0022, 0x0023,
    0x0024, 0x0025, 0x0026, 0x0027, 0x0028, 0x0029, 0x002A, 0x002B, 0x002C, 0x002D, 0x002E, 0x002F,
    0x0030, 0x0031, 0x0032, 0x0033, 0x0034, 0x0035, 0x0036, 0x0037, 0x0038, 0x0039, 0x003A, 0x003B,
    0x003C, 0x003D, 0x003E, 0x003F, 0x0040, 0x0041, 0x0042, 0x0043, 0x0044, 0x0045, 0x0046, 0x0047,
    0x0048, 0x0049, 0x004A, 0x004B, 0x004C, 0x004D, 0x004E, 0x004F, 0x0050, 0x0051, 0x0052, 0x0053,
    0x0054, 0x0055, 0x0056, 0x0057, 0x0058, 0x0059, 0x005A, 0x005B, 0x005C, 0x005D, 0x005E, 0x005F,
    0x0060, 0x0061, 0x0062, 0x0063, 0x0064, 0x0065, 0x0066, 0x0067, 0x0068, 0x0069, 0x006A, 0x006B,
    0x006C, 0x006D, 0x006E, 0x006F, 0x0070, 0x0071, 0x0072, 0x0073, 0x0074, 0x0075, 0x0076, 0x0077,
    0x0078, 0x0079, 0x007A, 0x007B, 0x007C, 0x007D, 0x007E, 0x007F, 0x0080, 0x0081, 0x0082, 0x0083,
    0x0084, 0x0085, 0x0086, 0x0087, 0x0088, 0x0089, 0x008A, 0x008B, 0x008C, 0x008D, 0x008E, 0x008F,
    0x0090, 0x0091, 0x0092, 0x0093, 0x0094, 0x0095, 0x0096, 0x0097, 0x0098, 0x0099, 0x009A, 0x009B,
    0x009C, 0x009D, 0x009E, 0x009F, 0x00A0, 0x00A1, 0x00A2, 0x00A3, 0x00A4, 0x00A5, 0x00A6, 0x00A7,
    0x00A8, 0x00A9, 0x00AA, 0x00AB, 0x00AC, 0x00AD, 0x00AE, 0x00AF, 0x00B0, 0x00B1, 0x00B2, 0x00B3,
    0x00B4, 0x00B5, 0x00B6, 0x00B7, 0x00B8, 0x00B9, 0x00BA, 0x00BB, 0x00BC, 0x00BD, 0x00BE, 0x00BF,
    0x00C0, 0x00C1, 0x00C2, 0x00C3, 0x00C4, 0x00C5, 0x00C6, 0x00C7, 0x00C8, 0x00C9, 0x00CA, 0x00CB,
    0x00CC, 0x00CD, 0x00CE, 0x00CF, 0x00D0, 0x00D1, 0x00D2, 0x00D3, 0x00D4, 0x00D5, 0x00D6, 0x00D7,
    0x00D8, 0x00D9, 0x00DA, 0x00DB, 0x00DC, 0x00DD, 0x00DE, 0x00DF, 0x00E0, 0x00E1, 0x00E2, 0x00E3,
    0x00E4, 0x00E5, 0x00E6, 0x00E7, 0x00E8, 0x00E9, 0x00EA, 0x00EB, 0x00EC, 0x00ED, 0x00EE, 0x00EF,
    0x00F0, 0x00F1, 0x00F2, 0x00F3, 0x00F4, 0x00F5, 0x00F6, 0x00F7, 0x00F8, 0x00F9, 0x00FA, 0x00FB,
    0x00FC, 0x00FD, 0x00FE, 0x00FF,
];

static MAC_ARABIC: [u16; 256] = [
    0x0000, 0x0001, 0x0002, 0x0003, 0x0004, 0x0005, 0x0006, 0x0007, 0x0008, 0x0009, 0x000A, 0x000B,
    0x000C, 0x000D, 0x000E, 0x000F, 0x0010, 0x0011, 0x0012, 0x0013, 0x0014, 0x0015, 0x0016, 0x0017,
    0x0018, 0x0019, 0x001A, 0x001B, 0x001C, 0x001D, 0x001E, 0x001F, 0x0020, 0x0021, 0x0022, 0x0023,
    0x0024, 0x0025, 0x0026, 0x0027, 0x0028, 0x0029, 0x002A, 0x002B, 0x002C, 0x002D, 0x002E, 0x002F,
    0x0030, 0x0031, 0x0032, 0x0033, 0x0034, 0x0035, 0x0036, 0x0037, 0x0038, 0x0039, 0x003A, 0x003B,
    0x003C, 0x003D, 0x003E, 0x003F, 0x0040, 0x0041, 0x0042, 0x0043, 0x0044, 0x0045, 0x0046, 0x0047,
    0x0048, 0x0049, 0x004A, 0x004B, 0x004C, 0x004D, 0x004E, 0x004F, 0x0050, 0x0051, 0x0052, 0x0053,
    0x0054, 0x0055, 0x0056, 0x0057, 0x0058, 0x0059, 0x005A, 0x005B, 0x005C, 0x005D, 0x005E, 0x005F,
    0x0060, 0x0061, 0x0062, 0x0063, 0x0064, 0x0065, 0x0066, 0x0067, 0x0068, 0x0069, 0x006A, 0x006B,
    0x006C, 0x006D, 0x006E, 0x006F, 0x0070, 0x0071, 0x0072, 0x0073, 0x0074, 0x0075, 0x0076, 0x0077,
    0x0078, 0x0079, 0x007A, 0x007B, 0x007C, 0x007D, 0x007E, 0x007F, 0x00C4, 0x00A0, 0x00C7, 0x00C9,
    0x00D1, 0x00D6, 0x00DC, 0x00E1, 0x00E0, 0x00E2, 0x00E4, 0x06BA, 0x00AB, 0x00E7, 0x00E9, 0x00E8,
    0x00EA, 0x00EB, 0x00ED, 0x2026, 0x00EE, 0x00EF, 0x00F1, 0x00F3, 0x00BB, 0x00F4, 0x00F6, 0x00F7,
    0x00FA, 0x00F9, 0x00FB, 0x00FC, 0x0020, 0x0021, 0x0022, 0x0023, 0x0024, 0x066A, 0x0026, 0x0027,
    0x0028, 0x0029, 0x002A, 0x002B, 0x060C, 0x002D, 0x002E, 0x002F, 0x0660, 0x0661, 0x0662, 0x0663,
    0x0664, 0x0665, 0x0666, 0x0667, 0x0668, 0x0669, 0x003A, 0x061B, 0x003C, 0x003D, 0x003E, 0x061F,
    0x274A, 0x0621, 0x0622, 0x0623, 0x0624, 0x0625, 0x0626, 0x0627, 0x0628, 0x0629, 0x062A, 0x062B,
    0x062C, 0x062D, 0x062E, 0x062F, 0x0630, 0x0631, 0x0632, 0x0633, 0x0634, 0x0635, 0x0636, 0x0637,
    0x0638, 0x0639, 0x063A, 0x005B, 0x005C, 0x005D, 0x005E, 0x005F, 0x0640, 0x0641, 0x0642, 0x0643,
    0x0644, 0x0645, 0x0646, 0x0647, 0x0648, 0x0649, 0x064A, 0x064B, 0x064C, 0x064D, 0x064E, 0x064F,
    0x0650, 0x0651, 0x0652, 0x067E, 0x0679, 0x0686, 0x06D5, 0x06A4, 0x06AF, 0x0688, 0x0691, 0x007B,
    0x007C, 0x007D, 0x0698, 0x06D2,
];

static MAC_CROATIAN: [u16; 256] = [
    0x0000, 0x0001, 0x0002, 0x0003, 0x0004, 0x0005, 0x0006, 0x0007, 0x0008, 0x0009, 0x000A, 0x000B,
    0x000C, 0x000D, 0x000E, 0x000F, 0x0010, 0x0011, 0x0012, 0x0013, 0x0014, 0x0015, 0x0016, 0x0017,
    0x0018, 0x0019, 0x001A, 0x001B, 0x001C, 0x001D, 0x001E, 0x001F, 0x0020, 0x0021, 0x0022, 0x0023,
    0x0024, 0x0025, 0x0026, 0x0027, 0x0028, 0x0029, 0x002A, 0x002B, 0x002C, 0x002D, 0x002E, 0x002F,
    0x0030, 0x0031, 0x0032, 0x0033, 0x0034, 0x0035, 0x0036, 0x0037, 0x0038, 0x0039, 0x003A, 0x003B,
    0x003C, 0x003D, 0x003E, 0x003F, 0x0040, 0x0041, 0x0042, 0x0043, 0x0044, 0x0045, 0x0046, 0x0047,
    0x0048, 0x0049, 0x004A, 0x004B, 0x004C, 0x004D, 0x004E, 0x004F, 0x0050, 0x0051, 0x0052, 0x0053,
    0x0054, 0x0055, 0x0056, 0x0057, 0x0058, 0x0059, 0x005A, 0x005B, 0x005C, 0x005D, 0x005E, 0x005F,
    0x0060, 0x0061, 0x0062, 0x0063, 0x0064, 0x0065, 0x0066, 0x0067, 0x0068, 0x0069, 0x006A, 0x006B,
    0x006C, 0x006D, 0x006E, 0x006F, 0x0070, 0x0071, 0x0072, 0x0073, 0x0074, 0x0075, 0x0076, 0x0077,
    0x0078, 0x0079, 0x007A, 0x007B, 0x007C, 0x007D, 0x007E, 0x007F, 0x00C4, 0x00C5, 0x00C7, 0x00C9,
    0x00D1, 0x00D6, 0x00DC, 0x00E1, 0x00E0, 0x00E2, 0x00E4, 0x00E3, 0x00E5, 0x00E7, 0x00E9, 0x00E8,
    0x00EA, 0x00EB, 0x00ED, 0x00EC, 0x00EE, 0x00EF, 0x00F1, 0x00F3, 0x00F2, 0x00F4, 0x00F6, 0x00F5,
    0x00FA, 0x00F9, 0x00FB, 0x00FC, 0x2020, 0x00B0, 0x00A2, 0x00A3, 0x00A7, 0x2022, 0x00B6, 0x00DF,
    0x00AE, 0x0160, 0x2122, 0x00B4, 0x00A8, 0x2260, 0x017D, 0x00D8, 0x221E, 0x00B1, 0x2264, 0x2265,
    0x2206, 0x00B5, 0x2202, 0x2211, 0x220F, 0x0161, 0x222B, 0x00AA, 0x00BA, 0x03A9, 0x017E, 0x00F8,
    0x00BF, 0x00A1, 0x00AC, 0x221A, 0x0192, 0x2248, 0x0106, 0x00AB, 0x010C, 0x2026, 0x00A0, 0x00C0,
    0x00C3, 0x00D5, 0x0152, 0x0153, 0x0110, 0x2014, 0x201C, 0x201D, 0x2018, 0x2019, 0x00F7, 0x25CA,
    0xF8FF, 0x00A9, 0x2044, 0x20AC, 0x2039, 0x203A, 0x00C6, 0x00BB, 0x2013, 0x00B7, 0x201A, 0x201E,
    0x2030, 0x00C2, 0x0107, 0x00C1, 0x010D, 0x00C8, 0x00CD, 0x00CE, 0x00CF, 0x00CC, 0x00D3, 0x00D4,
    0x0111, 0x00D2, 0x00DA, 0x00DB, 0x00D9, 0x0131, 0x02C6, 0x02DC, 0x00AF, 0x03C0, 0x00CB, 0x02DA,
    0x00B8, 0x00CA, 0x00E6, 0x02C7,
];

static MAC_CYRILLIC: [u16; 256] = [
    0x0000, 0x0001, 0x0002, 0x0003, 0x0004, 0x0005, 0x0006, 0x0007, 0x0008, 0x0009, 0x000A, 0x000B,
    0x000C, 0x000D, 0x000E, 0x000F, 0x0010, 0x0011, 0x0012, 0x0013, 0x0014, 0x0015, 0x0016, 0x0017,
    0x0018, 0x0019, 0x001A, 0x001B, 0x001C, 0x001D, 0x001E, 0x001F, 0x0020, 0x0021, 0x0022, 0x0023,
    0x0024, 0x0025, 0x0026, 0x0027, 0x0028, 0x0029, 0x002A, 0x002B, 0x002C, 0x002D, 0x002E, 0x002F,
    0x0030, 0x0031, 0x0032, 0x0033, 0x0034, 0x0035, 0x0036, 0x0037, 0x0038, 0x0039, 0x003A, 0x003B,
    0x003C, 0x003D, 0x003E, 0x003F, 0x0040, 0x0041, 0x0042, 0x0043, 0x0044, 0x0045, 0x0046, 0x0047,
    0x0048, 0x0049, 0x004A, 0x004B, 0x004C, 0x004D, 0x004E, 0x004F, 0x0050, 0x0051, 0x0052, 0x0053,
    0x0054, 0x0055, 0x0056, 0x0057, 0x0058, 0x0059, 0x005A, 0x005B, 0x005C, 0x005D, 0x005E, 0x005F,
    0x0060, 0x0061, 0x0062, 0x0063, 0x0064, 0x0065, 0x0066, 0x0067, 0x0068, 0x0069, 0x006A, 0x006B,
    0x006C, 0x006D, 0x006E, 0x006F, 0x0070, 0x0071, 0x0072, 0x0073, 0x0074, 0x0075, 0x0076, 0x0077,
    0x0078, 0x0079, 0x007A, 0x007B, 0x007C, 0x007D, 0x007E, 0x007F, 0x0410, 0x0411, 0x0412, 0x0413,
    0x0414, 0x0415, 0x0416, 0x0417, 0x0418, 0x0419, 0x041A, 0x041B, 0x041C, 0x041D, 0x041E, 0x041F,
    0x0420, 0x0421, 0x0422, 0x0423, 0x0424, 0x0425, 0x0426, 0x0427, 0x0428, 0x0429, 0x042A, 0x042B,
    0x042C, 0x042D, 0x042E, 0x042F, 0x2020, 0x00B0, 0x0490, 0x00A3, 0x00A7, 0x2022, 0x00B6, 0x0406,
    0x00AE, 0x00A9, 0x2122, 0x0402, 0x0452, 0x2260, 0x0403, 0x0453, 0x221E, 0x00B1, 0x2264, 0x2265,
    0x0456, 0x00B5, 0x0491, 0x0408, 0x0404, 0x0454, 0x0407, 0x0457, 0x0409, 0x0459, 0x040A, 0x045A,
    0x0458, 0x0405, 0x00AC, 0x221A, 0x0192, 0x2248, 0x2206, 0x00AB, 0x00BB, 0x2026, 0x00A0, 0x040B,
    0x045B, 0x040C, 0x045C, 0x0455, 0x2013, 0x2014, 0x201C, 0x201D, 0x2018, 0x2019, 0x00F7, 0x201E,
    0x040E, 0x045E, 0x040F, 0x045F, 0x2116, 0x0401, 0x0451, 0x044F, 0x0430, 0x0431, 0x0432, 0x0433,
    0x0434, 0x0435, 0x0436, 0x0437, 0x0438, 0x0439, 0x043A, 0x043B, 0x043C, 0x043D, 0x043E, 0x043F,
    0x0440, 0x0441, 0x0442, 0x0443, 0x0444, 0x0445, 0x0446, 0x0447, 0x0448, 0x0449, 0x044A, 0x044B,
    0x044C, 0x044D, 0x044E, 0x20AC,
];

static MAC_FARSI: [u16; 256] = [
    0x0000, 0x0001, 0x0002, 0x0003, 0x0004, 0x0005, 0x0006, 0x0007, 0x0008, 0x0009, 0x000A, 0x000B,
    0x000C, 0x000D, 0x000E, 0x000F, 0x0010, 0x0011, 0x0012, 0x0013, 0x0014, 0x0015, 0x0016, 0x0017,
    0x0018, 0x0019, 0x001A, 0x001B, 0x001C, 0x001D, 0x001E, 0x001F, 0x0020, 0x0021, 0x0022, 0x0023,
    0x0024, 0x0025, 0x0026, 0x0027, 0x0028, 0x0029, 0x002A, 0x002B, 0x002C, 0x002D, 0x002E, 0x002F,
    0x0030, 0x0031, 0x0032, 0x0033, 0x0034, 0x0035, 0x0036, 0x0037, 0x0038, 0x0039, 0x003A, 0x003B,
    0x003C, 0x003D, 0x003E, 0x003F, 0x0040, 0x0041, 0x0042, 0x0043, 0x0044, 0x0045, 0x0046, 0x0047,
    0x0048, 0x0049, 0x004A, 0x004B, 0x004C, 0x004D, 0x004E, 0x004F, 0x0050, 0x0051, 0x0052, 0x0053,
    0x0054, 0x0055, 0x0056, 0x0057, 0x0058, 0x0059, 0x005A, 0x005B, 0x005C, 0x005D, 0x005E, 0x005F,
    0x0060, 0x0061, 0x0062, 0x0063, 0x0064, 0x0065, 0x0066, 0x0067, 0x0068, 0x0069, 0x006A, 0x006B,
    0x006C, 0x006D, 0x006E, 0x006F, 0x0070, 0x0071, 0x0072, 0x0073, 0x0074, 0x0075, 0x0076, 0x0077,
    0x0078, 0x0079, 0x007A, 0x007B, 0x007C, 0x007D, 0x007E, 0x007F, 0x00C4, 0x00A0, 0x00C7, 0x00C9,
    0x00D1, 0x00D6, 0x00DC, 0x00E1, 0x00E0, 0x00E2, 0x00E4, 0x06BA, 0x00AB, 0x00E7, 0x00E9, 0x00E8,
    0x00EA, 0x00EB, 0x00ED, 0x2026, 0x00EE, 0x00EF, 0x00F1, 0x00F3, 0x00BB, 0x00F4, 0x00F6, 0x00F7,
    0x00FA, 0x00F9, 0x00FB, 0x00FC, 0x0020, 0x0021, 0x0022, 0x0023, 0x0024, 0x066A, 0x0026, 0x0027,
    0x0028, 0x0029, 0x002A, 0x002B, 0x060C, 0x002D, 0x002E, 0x002F, 0x06F0, 0x06F1, 0x06F2, 0x06F3,
    0x06F4, 0x06F5, 0x06F6, 0x06F7, 0x06F8, 0x06F9, 0x003A, 0x061B, 0x003C, 0x003D, 0x003E, 0x061F,
    0x274A, 0x0621, 0x0622, 0x0623, 0x0624, 0x0625, 0x0626, 0x0627, 0x0628, 0x0629, 0x062A, 0x062B,
    0x062C, 0x062D, 0x062E, 0x062F, 0x0630, 0x0631, 0x0632, 0x0633, 0x0634, 0x0635, 0x0636, 0x0637,
    0x0638, 0x0639, 0x063A, 0x005B, 0x005C, 0x005D, 0x005E, 0x005F, 0x0640, 0x0641, 0x0642, 0x0643,
    0x0644, 0x0645, 0x0646, 0x0647, 0x0648, 0x0649, 0x064A, 0x064B, 0x064C, 0x064D, 0x064E, 0x064F,
    0x0650, 0x0651, 0x0652, 0x067E, 0x0679, 0x0686, 0x06D5, 0x06A4, 0x06AF, 0x0688, 0x0691, 0x007B,
    0x007C, 0x007D, 0x0698, 0x06D2,
];

static MAC_GREEK: [u16; 256] = [
    0x0000, 0x0001, 0x0002, 0x0003, 0x0004, 0x0005, 0x0006, 0x0007, 0x0008, 0x0009, 0x000A, 0x000B,
    0x000C, 0x000D, 0x000E, 0x000F, 0x0010, 0x0011, 0x0012, 0x0013, 0x0014, 0x0015, 0x0016, 0x0017,
    0x0018, 0x0019, 0x001A, 0x001B, 0x001C, 0x001D, 0x001E, 0x001F, 0x0020, 0x0021, 0x0022, 0x0023,
    0x0024, 0x0025, 0x0026, 0x0027, 0x0028, 0x0029, 0x002A, 0x002B, 0x002C, 0x002D, 0x002E, 0x002F,
    0x0030, 0x0031, 0x0032, 0x0033, 0x0034, 0x0035, 0x0036, 0x0037, 0x0038, 0x0039, 0x003A, 0x003B,
    0x003C, 0x003D, 0x003E, 0x003F, 0x0040, 0x0041, 0x0042, 0x0043, 0x0044, 0x0045, 0x0046, 0x0047,
    0x0048, 0x0049, 0x004A, 0x004B, 0x004C, 0x004D, 0x004E, 0x004F, 0x0050, 0x0051, 0x0052, 0x0053,
    0x0054, 0x0055, 0x0056, 0x0057, 0x0058, 0x0059, 0x005A, 0x005B, 0x005C, 0x005D, 0x005E, 0x005F,
    0x0060, 0x0061, 0x0062, 0x0063, 0x0064, 0x0065, 0x0066, 0x0067, 0x0068, 0x0069, 0x006A, 0x006B,
    0x006C, 0x006D, 0x006E, 0x006F, 0x0070, 0x0071, 0x0072, 0x0073, 0x0074, 0x0075, 0x0076, 0x0077,
    0x0078, 0x0079, 0x007A, 0x007B, 0x007C, 0x007D, 0x007E, 0x007F, 0x00C4, 0x00B9, 0x00B2, 0x00C9,
    0x00B3, 0x00D6, 0x00DC, 0x0385, 0x00E0, 0x00E2, 0x00E4, 0x0384, 0x00A8, 0x00E7, 0x00E9, 0x00E8,
    0x00EA, 0x00EB, 0x00A3, 0x2122, 0x00EE, 0x00EF, 0x2022, 0x00BD, 0x2030, 0x00F4, 0x00F6, 0x00A6,
    0x20AC, 0x00F9, 0x00FB, 0x00FC, 0x2020, 0x0393, 0x0394, 0x0398, 0x039B, 0x039E, 0x03A0, 0x00DF,
    0x00AE, 0x00A9, 0x03A3, 0x03AA, 0x00A7, 0x2260, 0x00B0, 0x00B7, 0x0391, 0x00B1, 0x2264, 0x2265,
    0x00A5, 0x0392, 0x0395, 0x0396, 0x0397, 0x0399, 0x039A, 0x039C, 0x03A6, 0x03AB, 0x03A8, 0x03A9,
    0x03AC, 0x039D, 0x00AC, 0x039F, 0x03A1, 0x2248, 0x03A4, 0x00AB, 0x00BB, 0x2026, 0x00A0, 0x03A5,
    0x03A7, 0x0386, 0x0388, 0x0153, 0x2013, 0x2015, 0x201C, 0x201D, 0x2018, 0x2019, 0x00F7, 0x0389,
    0x038A, 0x038C, 0x038E, 0x03AD, 0x03AE, 0x03AF, 0x03CC, 0x038F, 0x03CD, 0x03B1, 0x03B2, 0x03C8,
    0x03B4, 0x03B5, 0x03C6, 0x03B3, 0x03B7, 0x03B9, 0x03BE, 0x03BA, 0x03BB, 0x03BC, 0x03BD, 0x03BF,
    0x03C0, 0x03CE, 0x03C1, 0x03C3, 0x03C4, 0x03B8, 0x03C9, 0x03C2, 0x03C7, 0x03C5, 0x03B6, 0x03CA,
    0x03CB, 0x0390, 0x03B0, 0x00AD,
];

static MAC_ICELAND: [u16; 256] = [
    0x0000, 0x0001, 0x0002, 0x0003, 0x0004, 0x0005, 0x0006, 0x0007, 0x0008, 0x0009, 0x000A, 0x000B,
    0x000C, 0x000D, 0x000E, 0x000F, 0x0010, 0x0011, 0x0012, 0x0013, 0x0014, 0x0015, 0x0016, 0x0017,
    0x0018, 0x0019, 0x001A, 0x001B, 0x001C, 0x001D, 0x001E, 0x001F, 0x0020, 0x0021, 0x0022, 0x0023,
    0x0024, 0x0025, 0x0026, 0x0027, 0x0028, 0x0029, 0x002A, 0x002B, 0x002C, 0x002D, 0x002E, 0x002F,
    0x0030, 0x0031, 0x0032, 0x0033, 0x0034, 0x0035, 0x0036, 0x0037, 0x0038, 0x0039, 0x003A, 0x003B,
    0x003C, 0x003D, 0x003E, 0x003F, 0x0040, 0x0041, 0x0042, 0x0043, 0x0044, 0x0045, 0x0046, 0x0047,
    0x0048, 0x0049, 0x004A, 0x004B, 0x004C, 0x004D, 0x004E, 0x004F, 0x0050, 0x0051, 0x0052, 0x0053,
    0x0054, 0x0055, 0x0056, 0x0057, 0x0058, 0x0059, 0x005A, 0x005B, 0x005C, 0x005D, 0x005E, 0x005F,
    0x0060, 0x0061, 0x0062, 0x0063, 0x0064, 0x0065, 0x0066, 0x0067, 0x0068, 0x0069, 0x006A, 0x006B,
    0x006C, 0x006D, 0x006E, 0x006F, 0x0070, 0x0071, 0x0072, 0x0073, 0x0074, 0x0075, 0x0076, 0x0077,
    0x0078, 0x0079, 0x007A, 0x007B, 0x007C, 0x007D, 0x007E, 0x007F, 0x00C4, 0x00C5, 0x00C7, 0x00C9,
    0x00D1, 0x00D6, 0x00DC, 0x00E1, 0x00E0, 0x00E2, 0x00E4, 0x00E3, 0x00E5, 0x00E7, 0x00E9, 0x00E8,
    0x00EA, 0x00EB, 0x00ED, 0x00EC, 0x00EE, 0x00EF, 0x00F1, 0x00F3, 0x00F2, 0x00F4, 0x00F6, 0x00F5,
    0x00FA, 0x00F9, 0x00FB, 0x00FC, 0x00DD, 0x00B0, 0x00A2, 0x00A3, 0x00A7, 0x2022, 0x00B6, 0x00DF,
    0x00AE, 0x00A9, 0x2122, 0x00B4, 0x00A8, 0x2260, 0x00C6, 0x00D8, 0x221E, 0x00B1, 0x2264, 0x2265,
    0x00A5, 0x00B5, 0x2202, 0x2211, 0x220F, 0x03C0, 0x222B, 0x00AA, 0x00BA, 0x03A9, 0x00E6, 0x00F8,
    0x00BF, 0x00A1, 0x00AC, 0x221A, 0x0192, 0x2248, 0x2206, 0x00AB, 0x00BB, 0x2026, 0x00A0, 0x00C0,
    0x00C3, 0x00D5, 0x0152, 0x0153, 0x2013, 0x2014, 0x201C, 0x201D, 0x2018, 0x2019, 0x00F7, 0x25CA,
    0x00FF, 0x0178, 0x2044, 0x20AC, 0x00D0, 0x00F0, 0x00DE, 0x00FE, 0x00FD, 0x00B7, 0x201A, 0x201E,
    0x2030, 0x00C2, 0x00CA, 0x00C1, 0x00CB, 0x00C8, 0x00CD, 0x00CE, 0x00CF, 0x00CC, 0x00D3, 0x00D4,
    0xF8FF, 0x00D2, 0x00DA, 0x00DB, 0x00D9, 0x0131, 0x02C6, 0x02DC, 0x00AF, 0x02D8, 0x02D9, 0x02DA,
    0x00B8, 0x02DD, 0x02DB, 0x02C7,
];

static MAC_LATIN2: [u16; 256] = [
    0x0000, 0x0001, 0x0002, 0x0003, 0x0004, 0x0005, 0x0006, 0x0007, 0x0008, 0x0009, 0x000A, 0x000B,
    0x000C, 0x000D, 0x000E, 0x000F, 0x0010, 0x0011, 0x0012, 0x0013, 0x0014, 0x0015, 0x0016, 0x0017,
    0x0018, 0x0019, 0x001A, 0x001B, 0x001C, 0x001D, 0x001E, 0x001F, 0x0020, 0x0021, 0x0022, 0x0023,
    0x0024, 0x0025, 0x0026, 0x0027, 0x0028, 0x0029, 0x002A, 0x002B, 0x002C, 0x002D, 0x002E, 0x002F,
    0x0030, 0x0031, 0x0032, 0x0033, 0x0034, 0x0035, 0x0036, 0x0037, 0x0038, 0x0039, 0x003A, 0x003B,
    0x003C, 0x003D, 0x003E, 0x003F, 0x0040, 0x0041, 0x0042, 0x0043, 0x0044, 0x0045, 0x0046, 0x0047,
    0x0048, 0x0049, 0x004A, 0x004B, 0x004C, 0x004D, 0x004E, 0x004F, 0x0050, 0x0051, 0x0052, 0x0053,
    0x0054, 0x0055, 0x0056, 0x0057, 0x0058, 0x0059, 0x005A, 0x005B, 0x005C, 0x005D, 0x005E, 0x005F,
    0x0060, 0x0061, 0x0062, 0x0063, 0x0064, 0x0065, 0x0066, 0x0067, 0x0068, 0x0069, 0x006A, 0x006B,
    0x006C, 0x006D, 0x006E, 0x006F, 0x0070, 0x0071, 0x0072, 0x0073, 0x0074, 0x0075, 0x0076, 0x0077,
    0x0078, 0x0079, 0x007A, 0x007B, 0x007C, 0x007D, 0x007E, 0x007F, 0x00C4, 0x0100, 0x0101, 0x00C9,
    0x0104, 0x00D6, 0x00DC, 0x00E1, 0x0105, 0x010C, 0x00E4, 0x010D, 0x0106, 0x0107, 0x00E9, 0x0179,
    0x017A, 0x010E, 0x00ED, 0x010F, 0x0112, 0x0113, 0x0116, 0x00F3, 0x0117, 0x00F4, 0x00F6, 0x00F5,
    0x00FA, 0x011A, 0x011B, 0x00FC, 0x2020, 0x00B0, 0x0118, 0x00A3, 0x00A7, 0x2022, 0x00B6, 0x00DF,
    0x00AE, 0x00A9, 0x2122, 0x0119, 0x00A8, 0x2260, 0x0123, 0x012E, 0x012F, 0x012A, 0x2264, 0x2265,
    0x012B, 0x0136, 0x2202, 0x2211, 0x0142, 0x013B, 0x013C, 0x013D, 0x013E, 0x0139, 0x013A, 0x0145,
    0x0146, 0x0143, 0x00AC, 0x221A, 0x0144, 0x0147, 0x2206, 0x00AB, 0x00BB, 0x2026, 0x00A0, 0x0148,
    0x0150, 0x00D5, 0x0151, 0x014C, 0x2013, 0x2014, 0x201C, 0x201D, 0x2018, 0x2019, 0x00F7, 0x25CA,
    0x014D, 0x0154, 0x0155, 0x0158, 0x2039, 0x203A, 0x0159, 0x0156, 0x0157, 0x0160, 0x201A, 0x201E,
    0x0161, 0x015A, 0x015B, 0x00C1, 0x0164, 0x0165, 0x00CD, 0x017D, 0x017E, 0x016A, 0x00D3, 0x00D4,
    0x016B, 0x016E, 0x00DA, 0x016F, 0x0170, 0x0171, 0x0172, 0x0173, 0x00DD, 0x00FD, 0x0137, 0x017B,
    0x0141, 0x017C, 0x0122, 0x02C7,
];

static MAC_ROMAN: [u16; 256] = [
    0x0000, 0x0001, 0x0002, 0x0003, 0x0004, 0x0005, 0x0006, 0x0007, 0x0008, 0x0009, 0x000A, 0x000B,
    0x000C, 0x000D, 0x000E, 0x000F, 0x0010, 0x0011, 0x0012, 0x0013, 0x0014, 0x0015, 0x0016, 0x0017,
    0x0018, 0x0019, 0x001A, 0x001B, 0x001C, 0x001D, 0x001E, 0x001F, 0x0020, 0x0021, 0x0022, 0x0023,
    0x0024, 0x0025, 0x0026, 0x0027, 0x0028, 0x0029, 0x002A, 0x002B, 0x002C, 0x002D, 0x002E, 0x002F,
    0x0030, 0x0031, 0x0032, 0x0033, 0x0034, 0x0035, 0x0036, 0x0037, 0x0038, 0x0039, 0x003A, 0x003B,
    0x003C, 0x003D, 0x003E, 0x003F, 0x0040, 0x0041, 0x0042, 0x0043, 0x0044, 0x0045, 0x0046, 0x0047,
    0x0048, 0x0049, 0x004A, 0x004B, 0x004C, 0x004D, 0x004E, 0x004F, 0x0050, 0x0051, 0x0052, 0x0053,
    0x0054, 0x0055, 0x0056, 0x0057, 0x0058, 0x0059, 0x005A, 0x005B, 0x005C, 0x005D, 0x005E, 0x005F,
    0x0060, 0x0061, 0x0062, 0x0063, 0x0064, 0x0065, 0x0066, 0x0067, 0x0068, 0x0069, 0x006A, 0x006B,
    0x006C, 0x006D, 0x006E, 0x006F, 0x0070, 0x0071, 0x0072, 0x0073, 0x0074, 0x0075, 0x0076, 0x0077,
    0x0078, 0x0079, 0x007A, 0x007B, 0x007C, 0x007D, 0x007E, 0x007F, 0x00C4, 0x00C5, 0x00C7, 0x00C9,
    0x00D1, 0x00D6, 0x00DC, 0x00E1, 0x00E0, 0x00E2, 0x00E4, 0x00E3, 0x00E5, 0x00E7, 0x00E9, 0x00E8,
    0x00EA, 0x00EB, 0x00ED, 0x00EC, 0x00EE, 0x00EF, 0x00F1, 0x00F3, 0x00F2, 0x00F4, 0x00F6, 0x00F5,
    0x00FA, 0x00F9, 0x00FB, 0x00FC, 0x2020, 0x00B0, 0x00A2, 0x00A3, 0x00A7, 0x2022, 0x00B6, 0x00DF,
    0x00AE, 0x00A9, 0x2122, 0x00B4, 0x00A8, 0x2260, 0x00C6, 0x00D8, 0x221E, 0x00B1, 0x2264, 0x2265,
    0x00A5, 0x00B5, 0x2202, 0x2211, 0x220F, 0x03C0, 0x222B, 0x00AA, 0x00BA, 0x03A9, 0x00E6, 0x00F8,
    0x00BF, 0x00A1, 0x00AC, 0x221A, 0x0192, 0x2248, 0x2206, 0x00AB, 0x00BB, 0x2026, 0x00A0, 0x00C0,
    0x00C3, 0x00D5, 0x0152, 0x0153, 0x2013, 0x2014, 0x201C, 0x201D, 0x2018, 0x2019, 0x00F7, 0x25CA,
    0x00FF, 0x0178, 0x2044, 0x20AC, 0x2039, 0x203A, 0xFB01, 0xFB02, 0x2021, 0x00B7, 0x201A, 0x201E,
    0x2030, 0x00C2, 0x00CA, 0x00C1, 0x00CB, 0x00C8, 0x00CD, 0x00CE, 0x00CF, 0x00CC, 0x00D3, 0x00D4,
    0xF8FF, 0x00D2, 0x00DA, 0x00DB, 0x00D9, 0x0131, 0x02C6, 0x02DC, 0x00AF, 0x02D8, 0x02D9, 0x02DA,
    0x00B8, 0x02DD, 0x02DB, 0x02C7,
];

static MAC_ROMANIAN: [u16; 256] = [
    0x0000, 0x0001, 0x0002, 0x0003, 0x0004, 0x0005, 0x0006, 0x0007, 0x0008, 0x0009, 0x000A, 0x000B,
    0x000C, 0x000D, 0x000E, 0x000F, 0x0010, 0x0011, 0x0012, 0x0013, 0x0014, 0x0015, 0x0016, 0x0017,
    0x0018, 0x0019, 0x001A, 0x001B, 0x001C, 0x001D, 0x001E, 0x001F, 0x0020, 0x0021, 0x0022, 0x0023,
    0x0024, 0x0025, 0x0026, 0x0027, 0x0028, 0x0029, 0x002A, 0x002B, 0x002C, 0x002D, 0x002E, 0x002F,
    0x0030, 0x0031, 0x0032, 0x0033, 0x0034, 0x0035, 0x0036, 0x0037, 0x0038, 0x0039, 0x003A, 0x003B,
    0x003C, 0x003D, 0x003E, 0x003F, 0x0040, 0x0041, 0x0042, 0x0043, 0x0044, 0x0045, 0x0046, 0x0047,
    0x0048, 0x0049, 0x004A, 0x004B, 0x004C, 0x004D, 0x004E, 0x004F, 0x0050, 0x0051, 0x0052, 0x0053,
    0x0054, 0x0055, 0x0056, 0x0057, 0x0058, 0x0059, 0x005A, 0x005B, 0x005C, 0x005D, 0x005E, 0x005F,
    0x0060, 0x0061, 0x0062, 0x0063, 0x0064, 0x0065, 0x0066, 0x0067, 0x0068, 0x0069, 0x006A, 0x006B,
    0x006C, 0x006D, 0x006E, 0x006F, 0x0070, 0x0071, 0x0072, 0x0073, 0x0074, 0x0075, 0x0076, 0x0077,
    0x0078, 0x0079, 0x007A, 0x007B, 0x007C, 0x007D, 0x007E, 0x007F, 0x00C4, 0x00C5, 0x00C7, 0x00C9,
    0x00D1, 0x00D6, 0x00DC, 0x00E1, 0x00E0, 0x00E2, 0x00E4, 0x00E3, 0x00E5, 0x00E7, 0x00E9, 0x00E8,
    0x00EA, 0x00EB, 0x00ED, 0x00EC, 0x00EE, 0x00EF, 0x00F1, 0x00F3, 0x00F2, 0x00F4, 0x00F6, 0x00F5,
    0x00FA, 0x00F9, 0x00FB, 0x00FC, 0x2020, 0x00B0, 0x00A2, 0x00A3, 0x00A7, 0x2022, 0x00B6, 0x00DF,
    0x00AE, 0x00A9, 0x2122, 0x00B4, 0x00A8, 0x2260, 0x0102, 0x0218, 0x221E, 0x00B1, 0x2264, 0x2265,
    0x00A5, 0x00B5, 0x2202, 0x2211, 0x220F, 0x03C0, 0x222B, 0x00AA, 0x00BA, 0x03A9, 0x0103, 0x0219,
    0x00BF, 0x00A1, 0x00AC, 0x221A, 0x0192, 0x2248, 0x2206, 0x00AB, 0x00BB, 0x2026, 0x00A0, 0x00C0,
    0x00C3, 0x00D5, 0x0152, 0x0153, 0x2013, 0x2014, 0x201C, 0x201D, 0x2018, 0x2019, 0x00F7, 0x25CA,
    0x00FF, 0x0178, 0x2044, 0x20AC, 0x2039, 0x203A, 0x021A, 0x021B, 0x2021, 0x00B7, 0x201A, 0x201E,
    0x2030, 0x00C2, 0x00CA, 0x00C1, 0x00CB, 0x00C8, 0x00CD, 0x00CE, 0x00CF, 0x00CC, 0x00D3, 0x00D4,
    0xF8FF, 0x00D2, 0x00DA, 0x00DB, 0x00D9, 0x0131, 0x02C6, 0x02DC, 0x00AF, 0x02D8, 0x02D9, 0x02DA,
    0x00B8, 0x02DD, 0x02DB, 0x02C7,
];

static MAC_TURKISH: [u16; 256] = [
    0x0000, 0x0001, 0x0002, 0x0003, 0x0004, 0x0005, 0x0006, 0x0007, 0x0008, 0x0009, 0x000A, 0x000B,
    0x000C, 0x000D, 0x000E, 0x000F, 0x0010, 0x0011, 0x0012, 0x0013, 0x0014, 0x0015, 0x0016, 0x0017,
    0x0018, 0x0019, 0x001A, 0x001B, 0x001C, 0x001D, 0x001E, 0x001F, 0x0020, 0x0021, 0x0022, 0x0023,
    0x0024, 0x0025, 0x0026, 0x0027, 0x0028, 0x0029, 0x002A, 0x002B, 0x002C, 0x002D, 0x002E, 0x002F,
    0x0030, 0x0031, 0x0032, 0x0033, 0x0034, 0x0035, 0x0036, 0x0037, 0x0038, 0x0039, 0x003A, 0x003B,
    0x003C, 0x003D, 0x003E, 0x003F, 0x0040, 0x0041, 0x0042, 0x0043, 0x0044, 0x0045, 0x0046, 0x0047,
    0x0048, 0x0049, 0x004A, 0x004B, 0x004C, 0x004D, 0x004E, 0x004F, 0x0050, 0x0051, 0x0052, 0x0053,
    0x0054, 0x0055, 0x0056, 0x0057, 0x0058, 0x0059, 0x005A, 0x005B, 0x005C, 0x005D, 0x005E, 0x005F,
    0x0060, 0x0061, 0x0062, 0x0063, 0x0064, 0x0065, 0x0066, 0x0067, 0x0068, 0x0069, 0x006A, 0x006B,
    0x006C, 0x006D, 0x006E, 0x006F, 0x0070, 0x0071, 0x0072, 0x0073, 0x0074, 0x0075, 0x0076, 0x0077,
    0x0078, 0x0079, 0x007A, 0x007B, 0x007C, 0x007D, 0x007E, 0x007F, 0x00C4, 0x00C5, 0x00C7, 0x00C9,
    0x00D1, 0x00D6, 0x00DC, 0x00E1, 0x00E0, 0x00E2, 0x00E4, 0x00E3, 0x00E5, 0x00E7, 0x00E9, 0x00E8,
    0x00EA, 0x00EB, 0x00ED, 0x00EC, 0x00EE, 0x00EF, 0x00F1, 0x00F3, 0x00F2, 0x00F4, 0x00F6, 0x00F5,
    0x00FA, 0x00F9, 0x00FB, 0x00FC, 0x2020, 0x00B0, 0x00A2, 0x00A3, 0x00A7, 0x2022, 0x00B6, 0x00DF,
    0x00AE, 0x00A9, 0x2122, 0x00B4, 0x00A8, 0x2260, 0x00C6, 0x00D8, 0x221E, 0x00B1, 0x2264, 0x2265,
    0x00A5, 0x00B5, 0x2202, 0x2211, 0x220F, 0x03C0, 0x222B, 0x00AA, 0x00BA, 0x03A9, 0x00E6, 0x00F8,
    0x00BF, 0x00A1, 0x00AC, 0x221A, 0x0192, 0x2248, 0x2206, 0x00AB, 0x00BB, 0x2026, 0x00A0, 0x00C0,
    0x00C3, 0x00D5, 0x0152, 0x0153, 0x2013, 0x2014, 0x201C, 0x201D, 0x2018, 0x2019, 0x00F7, 0x25CA,
    0x00FF, 0x0178, 0x011E, 0x011F, 0x0130, 0x0131, 0x015E, 0x015F, 0x2021, 0x00B7, 0x201A, 0x201E,
    0x2030, 0x00C2, 0x00CA, 0x00C1, 0x00CB, 0x00C8, 0x00CD, 0x00CE, 0x00CF, 0x00CC, 0x00D3, 0x00D4,
    0xF8FF, 0x00D2, 0x00DA, 0x00DB, 0x00D9, 0xF8A0, 0x02C6, 0x02DC, 0x00AF, 0x02D8, 0x02D9, 0x02DA,
    0x00B8, 0x02DD, 0x02DB, 0x02C7,
];

static PALMOS: [u16; 256] = [
    0x0000, 0x0001, 0x0002, 0x0003, 0x0004, 0x0005, 0x0006, 0x0007, 0x0008, 0x0009, 0x000A, 0x000B,
    0x000C, 0x000D, 0x000E, 0x000F, 0x0010, 0x0011, 0x0012, 0x0013, 0x0014, 0x0015, 0x0016, 0x0017,
    0x0018, 0x0019, 0x001A, 0x001B, 0x001C, 0x001D, 0x001E, 0x001F, 0x0020, 0x0021, 0x0022, 0x0023,
    0x0024, 0x0025, 0x0026, 0x0027, 0x0028, 0x0029, 0x002A, 0x002B, 0x002C, 0x002D, 0x002E, 0x002F,
    0x0030, 0x0031, 0x0032, 0x0033, 0x0034, 0x0035, 0x0036, 0x0037, 0x0038, 0x0039, 0x003A, 0x003B,
    0x003C, 0x003D, 0x003E, 0x003F, 0x0040, 0x0041, 0x0042, 0x0043, 0x0044, 0x0045, 0x0046, 0x0047,
    0x0048, 0x0049, 0x004A, 0x004B, 0x004C, 0x004D, 0x004E, 0x004F, 0x0050, 0x0051, 0x0052, 0x0053,
    0x0054, 0x0055, 0x0056, 0x0057, 0x0058, 0x0059, 0x005A, 0x005B, 0x005C, 0x005D, 0x005E, 0x005F,
    0x0060, 0x0061, 0x0062, 0x0063, 0x0064, 0x0065, 0x0066, 0x0067, 0x0068, 0x0069, 0x006A, 0x006B,
    0x006C, 0x006D, 0x006E, 0x006F, 0x0070, 0x0071, 0x0072, 0x0073, 0x0074, 0x0075, 0x0076, 0x0077,
    0x0078, 0x0079, 0x007A, 0x007B, 0x007C, 0x007D, 0x007E, 0x007F, 0x20AC, 0x0081, 0x201A, 0x0192,
    0x201E, 0x2026, 0x2020, 0x2021, 0x02C6, 0x2030, 0x0160, 0x2039, 0x0152, 0x2666, 0x2663, 0x2665,
    0x2660, 0x2018, 0x2019, 0x201C, 0x201D, 0x2022, 0x2013, 0x2014, 0x02DC, 0x2122, 0x0161, 0x203A,
    0x0153, 0x009D, 0x009E, 0x0178, 0x00A0, 0x00A1, 0x00A2, 0x00A3, 0x00A4, 0x00A5, 0x00A6, 0x00A7,
    0x00A8, 0x00A9, 0x00AA, 0x00AB, 0x00AC, 0x00AD, 0x00AE, 0x00AF, 0x00B0, 0x00B1, 0x00B2, 0x00B3,
    0x00B4, 0x00B5, 0x00B6, 0x00B7, 0x00B8, 0x00B9, 0x00BA, 0x00BB, 0x00BC, 0x00BD, 0x00BE, 0x00BF,
    0x00C0, 0x00C1, 0x00C2, 0x00C3, 0x00C4, 0x00C5, 0x00C6, 0x00C7, 0x00C8, 0x00C9, 0x00CA, 0x00CB,
    0x00CC, 0x00CD, 0x00CE, 0x00CF, 0x00D0, 0x00D1, 0x00D2, 0x00D3, 0x00D4, 0x00D5, 0x00D6, 0x00D7,
    0x00D8, 0x00D9, 0x00DA, 0x00DB, 0x00DC, 0x00DD, 0x00DE, 0x00DF, 0x00E0, 0x00E1, 0x00E2, 0x00E3,
    0x00E4, 0x00E5, 0x00E6, 0x00E7, 0x00E8, 0x00E9, 0x00EA, 0x00EB, 0x00EC, 0x00ED, 0x00EE, 0x00EF,
    0x00F0, 0x00F1, 0x00F2, 0x00F3, 0x00F4, 0x00F5, 0x00F6, 0x00F7, 0x00F8, 0x00F9, 0x00FA, 0x00FB,
    0x00FC, 0x00FD, 0x00FE, 0x00FF,
];

static PTCP154: [u16; 256] = [
    0x0000, 0x0001, 0x0002, 0x0003, 0x0004, 0x0005, 0x0006, 0x0007, 0x0008, 0x0009, 0x000A, 0x000B,
    0x000C, 0x000D, 0x000E, 0x000F, 0x0010, 0x0011, 0x0012, 0x0013, 0x0014, 0x0015, 0x0016, 0x0017,
    0x0018, 0x0019, 0x001A, 0x001B, 0x001C, 0x001D, 0x001E, 0x001F, 0x0020, 0x0021, 0x0022, 0x0023,
    0x0024, 0x0025, 0x0026, 0x0027, 0x0028, 0x0029, 0x002A, 0x002B, 0x002C, 0x002D, 0x002E, 0x002F,
    0x0030, 0x0031, 0x0032, 0x0033, 0x0034, 0x0035, 0x0036, 0x0037, 0x0038, 0x0039, 0x003A, 0x003B,
    0x003C, 0x003D, 0x003E, 0x003F, 0x0040, 0x0041, 0x0042, 0x0043, 0x0044, 0x0045, 0x0046, 0x0047,
    0x0048, 0x0049, 0x004A, 0x004B, 0x004C, 0x004D, 0x004E, 0x004F, 0x0050, 0x0051, 0x0052, 0x0053,
    0x0054, 0x0055, 0x0056, 0x0057, 0x0058, 0x0059, 0x005A, 0x005B, 0x005C, 0x005D, 0x005E, 0x005F,
    0x0060, 0x0061, 0x0062, 0x0063, 0x0064, 0x0065, 0x0066, 0x0067, 0x0068, 0x0069, 0x006A, 0x006B,
    0x006C, 0x006D, 0x006E, 0x006F, 0x0070, 0x0071, 0x0072, 0x0073, 0x0074, 0x0075, 0x0076, 0x0077,
    0x0078, 0x0079, 0x007A, 0x007B, 0x007C, 0x007D, 0x007E, 0x007F, 0x0496, 0x0492, 0x04EE, 0x0493,
    0x201E, 0x2026, 0x04B6, 0x04AE, 0x04B2, 0x04AF, 0x04A0, 0x04E2, 0x04A2, 0x049A, 0x04BA, 0x04B8,
    0x0497, 0x2018, 0x2019, 0x201C, 0x201D, 0x2022, 0x2013, 0x2014, 0x04B3, 0x04B7, 0x04A1, 0x04E3,
    0x04A3, 0x049B, 0x04BB, 0x04B9, 0x00A0, 0x040E, 0x045E, 0x0408, 0x04E8, 0x0498, 0x04B0, 0x00A7,
    0x0401, 0x00A9, 0x04D8, 0x00AB, 0x00AC, 0x04EF, 0x00AE, 0x049C, 0x00B0, 0x04B1, 0x0406, 0x0456,
    0x0499, 0x04E9, 0x00B6, 0x00B7, 0x0451, 0x2116, 0x04D9, 0x00BB, 0x0458, 0x04AA, 0x04AB, 0x049D,
    0x0410, 0x0411, 0x0412, 0x0413, 0x0414, 0x0415, 0x0416, 0x0417, 0x0418, 0x0419, 0x041A, 0x041B,
    0x041C, 0x041D, 0x041E, 0x041F, 0x0420, 0x0421, 0x0422, 0x0423, 0x0424, 0x0425, 0x0426, 0x0427,
    0x0428, 0x0429, 0x042A, 0x042B, 0x042C, 0x042D, 0x042E, 0x042F, 0x0430, 0x0431, 0x0432, 0x0433,
    0x0434, 0x0435, 0x0436, 0x0437, 0x0438, 0x0439, 0x043A, 0x043B, 0x043C, 0x043D, 0x043E, 0x043F,
    0x0440, 0x0441, 0x0442, 0x0443, 0x0444, 0x0445, 0x0446, 0x0447, 0x0448, 0x0449, 0x044A, 0x044B,
    0x044C, 0x044D, 0x044E, 0x044F,
];

static TIS_620: [u16; 256] = [
    0x0000, 0x0001, 0x0002, 0x0003, 0x0004, 0x0005, 0x0006, 0x0007, 0x0008, 0x0009, 0x000A, 0x000B,
    0x000C, 0x000D, 0x000E, 0x000F, 0x0010, 0x0011, 0x0012, 0x0013, 0x0014, 0x0015, 0x0016, 0x0017,
    0x0018, 0x0019, 0x001A, 0x001B, 0x001C, 0x001D, 0x001E, 0x001F, 0x0020, 0x0021, 0x0022, 0x0023,
    0x0024, 0x0025, 0x0026, 0x0027, 0x0028, 0x0029, 0x002A, 0x002B, 0x002C, 0x002D, 0x002E, 0x002F,
    0x0030, 0x0031, 0x0032, 0x0033, 0x0034, 0x0035, 0x0036, 0x0037, 0x0038, 0x0039, 0x003A, 0x003B,
    0x003C, 0x003D, 0x003E, 0x003F, 0x0040, 0x0041, 0x0042, 0x0043, 0x0044, 0x0045, 0x0046, 0x0047,
    0x0048, 0x0049, 0x004A, 0x004B, 0x004C, 0x004D, 0x004E, 0x004F, 0x0050, 0x0051, 0x0052, 0x0053,
    0x0054, 0x0055, 0x0056, 0x0057, 0x0058, 0x0059, 0x005A, 0x005B, 0x005C, 0x005D, 0x005E, 0x005F,
    0x0060, 0x0061, 0x0062, 0x0063, 0x0064, 0x0065, 0x0066, 0x0067, 0x0068, 0x0069, 0x006A, 0x006B,
    0x006C, 0x006D, 0x006E, 0x006F, 0x0070, 0x0071, 0x0072, 0x0073, 0x0074, 0x0075, 0x0076, 0x0077,
    0x0078, 0x0079, 0x007A, 0x007B, 0x007C, 0x007D, 0x007E, 0x007F, 0x0080, 0x0081, 0x0082, 0x0083,
    0x0084, 0x0085, 0x0086, 0x0087, 0x0088, 0x0089, 0x008A, 0x008B, 0x008C, 0x008D, 0x008E, 0x008F,
    0x0090, 0x0091, 0x0092, 0x0093, 0x0094, 0x0095, 0x0096, 0x0097, 0x0098, 0x0099, 0x009A, 0x009B,
    0x009C, 0x009D, 0x009E, 0x009F, 0xFFFF, 0x0E01, 0x0E02, 0x0E03, 0x0E04, 0x0E05, 0x0E06, 0x0E07,
    0x0E08, 0x0E09, 0x0E0A, 0x0E0B, 0x0E0C, 0x0E0D, 0x0E0E, 0x0E0F, 0x0E10, 0x0E11, 0x0E12, 0x0E13,
    0x0E14, 0x0E15, 0x0E16, 0x0E17, 0x0E18, 0x0E19, 0x0E1A, 0x0E1B, 0x0E1C, 0x0E1D, 0x0E1E, 0x0E1F,
    0x0E20, 0x0E21, 0x0E22, 0x0E23, 0x0E24, 0x0E25, 0x0E26, 0x0E27, 0x0E28, 0x0E29, 0x0E2A, 0x0E2B,
    0x0E2C, 0x0E2D, 0x0E2E, 0x0E2F, 0x0E30, 0x0E31, 0x0E32, 0x0E33, 0x0E34, 0x0E35, 0x0E36, 0x0E37,
    0x0E38, 0x0E39, 0x0E3A, 0xFFFF, 0xFFFF, 0xFFFF, 0xFFFF, 0x0E3F, 0x0E40, 0x0E41, 0x0E42, 0x0E43,
    0x0E44, 0x0E45, 0x0E46, 0x0E47, 0x0E48, 0x0E49, 0x0E4A, 0x0E4B, 0x0E4C, 0x0E4D, 0x0E4E, 0x0E4F,
    0x0E50, 0x0E51, 0x0E52, 0x0E53, 0x0E54, 0x0E55, 0x0E56, 0x0E57, 0x0E58, 0x0E59, 0x0E5A, 0x0E5B,
    0xFFFF, 0xFFFF, 0xFFFF, 0xFFFF,
];

/// Every charmap codec, sorted by name so a lookup can bisect.
pub static CHARMAPS: [Charmap; 72] = [
    Charmap {
        name: "ascii",
        table: &ASCII,
        ascii: true,
    },
    Charmap {
        name: "cp037",
        table: &CP037,
        ascii: false,
    },
    Charmap {
        name: "cp1006",
        table: &CP1006,
        ascii: true,
    },
    Charmap {
        name: "cp1026",
        table: &CP1026,
        ascii: false,
    },
    Charmap {
        name: "cp1125",
        table: &CP1125,
        ascii: true,
    },
    Charmap {
        name: "cp1140",
        table: &CP1140,
        ascii: false,
    },
    Charmap {
        name: "cp1250",
        table: &CP1250,
        ascii: true,
    },
    Charmap {
        name: "cp1251",
        table: &CP1251,
        ascii: true,
    },
    Charmap {
        name: "cp1252",
        table: &CP1252,
        ascii: true,
    },
    Charmap {
        name: "cp1253",
        table: &CP1253,
        ascii: true,
    },
    Charmap {
        name: "cp1254",
        table: &CP1254,
        ascii: true,
    },
    Charmap {
        name: "cp1255",
        table: &CP1255,
        ascii: true,
    },
    Charmap {
        name: "cp1256",
        table: &CP1256,
        ascii: true,
    },
    Charmap {
        name: "cp1257",
        table: &CP1257,
        ascii: true,
    },
    Charmap {
        name: "cp1258",
        table: &CP1258,
        ascii: true,
    },
    Charmap {
        name: "cp273",
        table: &CP273,
        ascii: false,
    },
    Charmap {
        name: "cp424",
        table: &CP424,
        ascii: false,
    },
    Charmap {
        name: "cp437",
        table: &CP437,
        ascii: true,
    },
    Charmap {
        name: "cp500",
        table: &CP500,
        ascii: false,
    },
    Charmap {
        name: "cp720",
        table: &CP720,
        ascii: true,
    },
    Charmap {
        name: "cp737",
        table: &CP737,
        ascii: true,
    },
    Charmap {
        name: "cp775",
        table: &CP775,
        ascii: true,
    },
    Charmap {
        name: "cp850",
        table: &CP850,
        ascii: true,
    },
    Charmap {
        name: "cp852",
        table: &CP852,
        ascii: true,
    },
    Charmap {
        name: "cp855",
        table: &CP855,
        ascii: true,
    },
    Charmap {
        name: "cp856",
        table: &CP856,
        ascii: true,
    },
    Charmap {
        name: "cp857",
        table: &CP857,
        ascii: true,
    },
    Charmap {
        name: "cp858",
        table: &CP858,
        ascii: true,
    },
    Charmap {
        name: "cp860",
        table: &CP860,
        ascii: true,
    },
    Charmap {
        name: "cp861",
        table: &CP861,
        ascii: true,
    },
    Charmap {
        name: "cp862",
        table: &CP862,
        ascii: true,
    },
    Charmap {
        name: "cp863",
        table: &CP863,
        ascii: true,
    },
    Charmap {
        name: "cp864",
        table: &CP864,
        ascii: false,
    },
    Charmap {
        name: "cp865",
        table: &CP865,
        ascii: true,
    },
    Charmap {
        name: "cp866",
        table: &CP866,
        ascii: true,
    },
    Charmap {
        name: "cp869",
        table: &CP869,
        ascii: true,
    },
    Charmap {
        name: "cp874",
        table: &CP874,
        ascii: true,
    },
    Charmap {
        name: "cp875",
        table: &CP875,
        ascii: false,
    },
    Charmap {
        name: "hp_roman8",
        table: &HP_ROMAN8,
        ascii: true,
    },
    Charmap {
        name: "iso8859_1",
        table: &ISO8859_1,
        ascii: true,
    },
    Charmap {
        name: "iso8859_10",
        table: &ISO8859_10,
        ascii: true,
    },
    Charmap {
        name: "iso8859_11",
        table: &ISO8859_11,
        ascii: true,
    },
    Charmap {
        name: "iso8859_13",
        table: &ISO8859_13,
        ascii: true,
    },
    Charmap {
        name: "iso8859_14",
        table: &ISO8859_14,
        ascii: true,
    },
    Charmap {
        name: "iso8859_15",
        table: &ISO8859_15,
        ascii: true,
    },
    Charmap {
        name: "iso8859_16",
        table: &ISO8859_16,
        ascii: true,
    },
    Charmap {
        name: "iso8859_2",
        table: &ISO8859_2,
        ascii: true,
    },
    Charmap {
        name: "iso8859_3",
        table: &ISO8859_3,
        ascii: true,
    },
    Charmap {
        name: "iso8859_4",
        table: &ISO8859_4,
        ascii: true,
    },
    Charmap {
        name: "iso8859_5",
        table: &ISO8859_5,
        ascii: true,
    },
    Charmap {
        name: "iso8859_6",
        table: &ISO8859_6,
        ascii: true,
    },
    Charmap {
        name: "iso8859_7",
        table: &ISO8859_7,
        ascii: true,
    },
    Charmap {
        name: "iso8859_8",
        table: &ISO8859_8,
        ascii: true,
    },
    Charmap {
        name: "iso8859_9",
        table: &ISO8859_9,
        ascii: true,
    },
    Charmap {
        name: "koi8_r",
        table: &KOI8_R,
        ascii: true,
    },
    Charmap {
        name: "koi8_t",
        table: &KOI8_T,
        ascii: true,
    },
    Charmap {
        name: "koi8_u",
        table: &KOI8_U,
        ascii: true,
    },
    Charmap {
        name: "kz1048",
        table: &KZ1048,
        ascii: true,
    },
    Charmap {
        name: "latin_1",
        table: &LATIN_1,
        ascii: true,
    },
    Charmap {
        name: "mac_arabic",
        table: &MAC_ARABIC,
        ascii: true,
    },
    Charmap {
        name: "mac_croatian",
        table: &MAC_CROATIAN,
        ascii: true,
    },
    Charmap {
        name: "mac_cyrillic",
        table: &MAC_CYRILLIC,
        ascii: true,
    },
    Charmap {
        name: "mac_farsi",
        table: &MAC_FARSI,
        ascii: true,
    },
    Charmap {
        name: "mac_greek",
        table: &MAC_GREEK,
        ascii: true,
    },
    Charmap {
        name: "mac_iceland",
        table: &MAC_ICELAND,
        ascii: true,
    },
    Charmap {
        name: "mac_latin2",
        table: &MAC_LATIN2,
        ascii: true,
    },
    Charmap {
        name: "mac_roman",
        table: &MAC_ROMAN,
        ascii: true,
    },
    Charmap {
        name: "mac_romanian",
        table: &MAC_ROMANIAN,
        ascii: true,
    },
    Charmap {
        name: "mac_turkish",
        table: &MAC_TURKISH,
        ascii: true,
    },
    Charmap {
        name: "palmos",
        table: &PALMOS,
        ascii: true,
    },
    Charmap {
        name: "ptcp154",
        table: &PTCP154,
        ascii: true,
    },
    Charmap {
        name: "tis_620",
        table: &TIS_620,
        ascii: true,
    },
];

/// `encodings.aliases.aliases`, sorted by alias.
///
/// The spelling a file uses is almost never the module name. `latin-1`,
/// `8859`, `cp819`, and `L1` all mean `iso8859_1`, and this is the table that
/// says so.
pub static ALIASES: [(&str, &str); 341] = [
    ("037", "cp037"),
    ("1026", "cp1026"),
    ("1125", "cp1125"),
    ("1140", "cp1140"),
    ("1250", "cp1250"),
    ("1251", "cp1251"),
    ("1252", "cp1252"),
    ("1253", "cp1253"),
    ("1254", "cp1254"),
    ("1255", "cp1255"),
    ("1256", "cp1256"),
    ("1257", "cp1257"),
    ("1258", "cp1258"),
    ("273", "cp273"),
    ("424", "cp424"),
    ("437", "cp437"),
    ("500", "cp500"),
    ("646", "ascii"),
    ("775", "cp775"),
    ("850", "cp850"),
    ("852", "cp852"),
    ("855", "cp855"),
    ("857", "cp857"),
    ("858", "cp858"),
    ("860", "cp860"),
    ("861", "cp861"),
    ("862", "cp862"),
    ("863", "cp863"),
    ("864", "cp864"),
    ("865", "cp865"),
    ("866", "cp866"),
    ("869", "cp869"),
    ("874", "cp874"),
    ("8859", "latin_1"),
    ("932", "cp932"),
    ("936", "gbk"),
    ("949", "cp949"),
    ("950", "cp950"),
    ("ansi", "mbcs"),
    ("ansi_x3.4_1968", "ascii"),
    ("ansi_x3.4_1986", "ascii"),
    ("ansi_x3_4_1968", "ascii"),
    ("arabic", "iso8859_6"),
    ("asmo_708", "iso8859_6"),
    ("base64", "base64_codec"),
    ("base_64", "base64_codec"),
    ("big5_hkscs", "big5hkscs"),
    ("big5_tw", "big5"),
    ("bz2", "bz2_codec"),
    ("chinese", "gb2312"),
    ("cp00858", "cp858"),
    ("cp01140", "cp1140"),
    ("cp1051", "hp_roman8"),
    ("cp1361", "johab"),
    ("cp154", "ptcp154"),
    ("cp367", "ascii"),
    ("cp65001", "utf_8"),
    ("cp819", "latin_1"),
    ("cp866u", "cp1125"),
    ("cp936", "gbk"),
    ("cp_gr", "cp869"),
    ("cp_is", "cp861"),
    ("csHPRoman8", "hp_roman8"),
    ("csascii", "ascii"),
    ("csbig5", "big5"),
    ("cseuckr", "euc_kr"),
    ("csibm00858", "cp858"),
    ("csibm01140", "cp1140"),
    ("csibm037", "cp037"),
    ("csibm1026", "cp1026"),
    ("csibm273", "cp273"),
    ("csibm424", "cp424"),
    ("csibm500", "cp500"),
    ("csibm855", "cp855"),
    ("csibm857", "cp857"),
    ("csibm858", "cp858"),
    ("csibm860", "cp860"),
    ("csibm861", "cp861"),
    ("csibm863", "cp863"),
    ("csibm864", "cp864"),
    ("csibm865", "cp865"),
    ("csibm866", "cp866"),
    ("csibm869", "cp869"),
    ("csiso2022jp", "iso2022_jp"),
    ("csiso2022kr", "iso2022_kr"),
    ("csiso58gb231280", "gb2312"),
    ("csisolatin1", "latin_1"),
    ("csisolatin2", "iso8859_2"),
    ("csisolatin3", "iso8859_3"),
    ("csisolatin4", "iso8859_4"),
    ("csisolatin5", "iso8859_9"),
    ("csisolatin6", "iso8859_10"),
    ("csisolatinarabic", "iso8859_6"),
    ("csisolatincyrillic", "iso8859_5"),
    ("csisolatingreek", "iso8859_7"),
    ("csisolatinhebrew", "iso8859_8"),
    ("cskoi8r", "koi8_r"),
    ("cspc775baltic", "cp775"),
    ("cspc850multilingual", "cp850"),
    ("cspc862latinhebrew", "cp862"),
    ("cspc8codepage437", "cp437"),
    ("cspcp852", "cp852"),
    ("csptcp154", "ptcp154"),
    ("csshiftjis", "shift_jis"),
    ("cyrillic", "iso8859_5"),
    ("cyrillic_asian", "ptcp154"),
    ("dbcs", "mbcs"),
    ("ebcdic_cp_be", "cp500"),
    ("ebcdic_cp_ca", "cp037"),
    ("ebcdic_cp_ch", "cp500"),
    ("ebcdic_cp_he", "cp424"),
    ("ebcdic_cp_nl", "cp037"),
    ("ebcdic_cp_us", "cp037"),
    ("ebcdic_cp_wt", "cp037"),
    ("ebcdic_us_37_euro", "cp1140"),
    ("ecma_114", "iso8859_6"),
    ("ecma_118", "iso8859_7"),
    ("elot_928", "iso8859_7"),
    ("euc_cn", "gb2312"),
    ("euc_jis2004", "euc_jis_2004"),
    ("euccn", "gb2312"),
    ("eucgb2312_cn", "gb2312"),
    ("eucjis2004", "euc_jis_2004"),
    ("eucjisx0213", "euc_jisx0213"),
    ("eucjp", "euc_jp"),
    ("euckr", "euc_kr"),
    ("gb18030_2000", "gb18030"),
    ("gb2312_1980", "gb2312"),
    ("gb2312_80", "gb2312"),
    ("greek", "iso8859_7"),
    ("greek8", "iso8859_7"),
    ("hebrew", "iso8859_8"),
    ("hex", "hex_codec"),
    ("hkscs", "big5hkscs"),
    ("hz_gb", "hz"),
    ("hz_gb_2312", "hz"),
    ("hzgb", "hz"),
    ("ibm00858", "cp858"),
    ("ibm01140", "cp1140"),
    ("ibm037", "cp037"),
    ("ibm039", "cp037"),
    ("ibm1026", "cp1026"),
    ("ibm1051", "hp_roman8"),
    ("ibm1125", "cp1125"),
    ("ibm1140", "cp1140"),
    ("ibm273", "cp273"),
    ("ibm367", "ascii"),
    ("ibm424", "cp424"),
    ("ibm437", "cp437"),
    ("ibm500", "cp500"),
    ("ibm775", "cp775"),
    ("ibm819", "latin_1"),
    ("ibm850", "cp850"),
    ("ibm852", "cp852"),
    ("ibm855", "cp855"),
    ("ibm857", "cp857"),
    ("ibm858", "cp858"),
    ("ibm860", "cp860"),
    ("ibm861", "cp861"),
    ("ibm862", "cp862"),
    ("ibm863", "cp863"),
    ("ibm864", "cp864"),
    ("ibm865", "cp865"),
    ("ibm866", "cp866"),
    ("ibm869", "cp869"),
    ("iso2022jp", "iso2022_jp"),
    ("iso2022jp_1", "iso2022_jp_1"),
    ("iso2022jp_2", "iso2022_jp_2"),
    ("iso2022jp_2004", "iso2022_jp_2004"),
    ("iso2022jp_3", "iso2022_jp_3"),
    ("iso2022jp_ext", "iso2022_jp_ext"),
    ("iso2022kr", "iso2022_kr"),
    ("iso646_us", "ascii"),
    ("iso8859", "latin_1"),
    ("iso8859_1", "latin_1"),
    ("iso_2022_jp", "iso2022_jp"),
    ("iso_2022_jp_1", "iso2022_jp_1"),
    ("iso_2022_jp_2", "iso2022_jp_2"),
    ("iso_2022_jp_2004", "iso2022_jp_2004"),
    ("iso_2022_jp_3", "iso2022_jp_3"),
    ("iso_2022_jp_ext", "iso2022_jp_ext"),
    ("iso_2022_kr", "iso2022_kr"),
    ("iso_646.irv_1991", "ascii"),
    ("iso_8859_1", "latin_1"),
    ("iso_8859_10", "iso8859_10"),
    ("iso_8859_10_1992", "iso8859_10"),
    ("iso_8859_11", "iso8859_11"),
    ("iso_8859_11_2001", "iso8859_11"),
    ("iso_8859_13", "iso8859_13"),
    ("iso_8859_14", "iso8859_14"),
    ("iso_8859_14_1998", "iso8859_14"),
    ("iso_8859_15", "iso8859_15"),
    ("iso_8859_16", "iso8859_16"),
    ("iso_8859_16_2001", "iso8859_16"),
    ("iso_8859_1_1987", "latin_1"),
    ("iso_8859_2", "iso8859_2"),
    ("iso_8859_2_1987", "iso8859_2"),
    ("iso_8859_3", "iso8859_3"),
    ("iso_8859_3_1988", "iso8859_3"),
    ("iso_8859_4", "iso8859_4"),
    ("iso_8859_4_1988", "iso8859_4"),
    ("iso_8859_5", "iso8859_5"),
    ("iso_8859_5_1988", "iso8859_5"),
    ("iso_8859_6", "iso8859_6"),
    ("iso_8859_6_1987", "iso8859_6"),
    ("iso_8859_7", "iso8859_7"),
    ("iso_8859_7_1987", "iso8859_7"),
    ("iso_8859_8", "iso8859_8"),
    ("iso_8859_8_1988", "iso8859_8"),
    ("iso_8859_8_e", "iso8859_8"),
    ("iso_8859_8_i", "iso8859_8"),
    ("iso_8859_9", "iso8859_9"),
    ("iso_8859_9_1989", "iso8859_9"),
    ("iso_celtic", "iso8859_14"),
    ("iso_ir_100", "latin_1"),
    ("iso_ir_101", "iso8859_2"),
    ("iso_ir_109", "iso8859_3"),
    ("iso_ir_110", "iso8859_4"),
    ("iso_ir_126", "iso8859_7"),
    ("iso_ir_127", "iso8859_6"),
    ("iso_ir_138", "iso8859_8"),
    ("iso_ir_144", "iso8859_5"),
    ("iso_ir_148", "iso8859_9"),
    ("iso_ir_157", "iso8859_10"),
    ("iso_ir_166", "tis_620"),
    ("iso_ir_199", "iso8859_14"),
    ("iso_ir_226", "iso8859_16"),
    ("iso_ir_58", "gb2312"),
    ("iso_ir_6", "ascii"),
    ("jisx0213", "euc_jis_2004"),
    ("korean", "euc_kr"),
    ("ks_c_5601", "euc_kr"),
    ("ks_c_5601_1987", "euc_kr"),
    ("ks_x_1001", "euc_kr"),
    ("ksc5601", "euc_kr"),
    ("ksx1001", "euc_kr"),
    ("kz_1048", "kz1048"),
    ("l1", "latin_1"),
    ("l10", "iso8859_16"),
    ("l2", "iso8859_2"),
    ("l3", "iso8859_3"),
    ("l4", "iso8859_4"),
    ("l5", "iso8859_9"),
    ("l6", "iso8859_10"),
    ("l7", "iso8859_13"),
    ("l8", "iso8859_14"),
    ("l9", "iso8859_15"),
    ("latin", "latin_1"),
    ("latin1", "latin_1"),
    ("latin10", "iso8859_16"),
    ("latin2", "iso8859_2"),
    ("latin3", "iso8859_3"),
    ("latin4", "iso8859_4"),
    ("latin5", "iso8859_9"),
    ("latin6", "iso8859_10"),
    ("latin7", "iso8859_13"),
    ("latin8", "iso8859_14"),
    ("latin9", "iso8859_15"),
    ("mac_centeuro", "mac_latin2"),
    ("maccentraleurope", "mac_latin2"),
    ("maccyrillic", "mac_cyrillic"),
    ("macgreek", "mac_greek"),
    ("maciceland", "mac_iceland"),
    ("macintosh", "mac_roman"),
    ("maclatin2", "mac_latin2"),
    ("macroman", "mac_roman"),
    ("macturkish", "mac_turkish"),
    ("ms1361", "johab"),
    ("ms874", "cp874"),
    ("ms932", "cp932"),
    ("ms936", "gbk"),
    ("ms949", "cp949"),
    ("ms950", "cp950"),
    ("ms_kanji", "cp932"),
    ("mskanji", "cp932"),
    ("pc_multilingual_850_euro", "cp858"),
    ("pt154", "ptcp154"),
    ("quopri", "quopri_codec"),
    ("quoted_printable", "quopri_codec"),
    ("quotedprintable", "quopri_codec"),
    ("r8", "hp_roman8"),
    ("rk1048", "kz1048"),
    ("roman8", "hp_roman8"),
    ("rot13", "rot_13"),
    ("ruscii", "cp1125"),
    ("s_jis", "shift_jis"),
    ("s_jis_2004", "shift_jis_2004"),
    ("s_jisx0213", "shift_jisx0213"),
    ("shiftjis", "shift_jis"),
    ("shiftjis2004", "shift_jis_2004"),
    ("shiftjisx0213", "shift_jisx0213"),
    ("sjis", "shift_jis"),
    ("sjis_2004", "shift_jis_2004"),
    ("sjisx0213", "shift_jisx0213"),
    ("strk1048_2002", "kz1048"),
    ("thai", "iso8859_11"),
    ("tis620", "tis_620"),
    ("tis_620_0", "tis_620"),
    ("tis_620_2529_0", "tis_620"),
    ("tis_620_2529_1", "tis_620"),
    ("u16", "utf_16"),
    ("u32", "utf_32"),
    ("u7", "utf_7"),
    ("u8", "utf_8"),
    ("u_jis", "euc_jp"),
    ("uhc", "cp949"),
    ("ujis", "euc_jp"),
    ("unicode_1_1_utf_7", "utf_7"),
    ("unicodebigunmarked", "utf_16_be"),
    ("unicodelittleunmarked", "utf_16_le"),
    ("us", "ascii"),
    ("us_ascii", "ascii"),
    ("utf", "utf_8"),
    ("utf16", "utf_16"),
    ("utf32", "utf_32"),
    ("utf7", "utf_7"),
    ("utf8", "utf_8"),
    ("utf8_ucs2", "utf_8"),
    ("utf8_ucs4", "utf_8"),
    ("utf_16be", "utf_16_be"),
    ("utf_16le", "utf_16_le"),
    ("utf_32be", "utf_32_be"),
    ("utf_32le", "utf_32_le"),
    ("uu", "uu_codec"),
    ("windows_1250", "cp1250"),
    ("windows_1251", "cp1251"),
    ("windows_1252", "cp1252"),
    ("windows_1253", "cp1253"),
    ("windows_1254", "cp1254"),
    ("windows_1255", "cp1255"),
    ("windows_1256", "cp1256"),
    ("windows_1257", "cp1257"),
    ("windows_1258", "cp1258"),
    ("windows_31j", "cp932"),
    ("windows_874", "cp874"),
    ("x_mac_japanese", "shift_jis"),
    ("x_mac_korean", "euc_kr"),
    ("x_mac_simp_chinese", "gb2312"),
    ("x_mac_trad_chinese", "big5"),
    ("zip", "zlib_codec"),
    ("zlib", "zlib_codec"),
];

/// Every codec module CPython ships, sorted.
///
/// A name in here that is not in `CHARMAPS` is one we have not implemented,
/// and a name in neither does not exist. Those are different failures and a
/// user is owed the difference.
pub static CODECS: [&str; 120] = [
    "ascii",
    "base64_codec",
    "big5",
    "big5hkscs",
    "bz2_codec",
    "charmap",
    "cp037",
    "cp1006",
    "cp1026",
    "cp1125",
    "cp1140",
    "cp1250",
    "cp1251",
    "cp1252",
    "cp1253",
    "cp1254",
    "cp1255",
    "cp1256",
    "cp1257",
    "cp1258",
    "cp273",
    "cp424",
    "cp437",
    "cp500",
    "cp720",
    "cp737",
    "cp775",
    "cp850",
    "cp852",
    "cp855",
    "cp856",
    "cp857",
    "cp858",
    "cp860",
    "cp861",
    "cp862",
    "cp863",
    "cp864",
    "cp865",
    "cp866",
    "cp869",
    "cp874",
    "cp875",
    "cp932",
    "cp949",
    "cp950",
    "euc_jis_2004",
    "euc_jisx0213",
    "euc_jp",
    "euc_kr",
    "gb18030",
    "gb2312",
    "gbk",
    "hex_codec",
    "hp_roman8",
    "hz",
    "idna",
    "iso2022_jp",
    "iso2022_jp_1",
    "iso2022_jp_2",
    "iso2022_jp_2004",
    "iso2022_jp_3",
    "iso2022_jp_ext",
    "iso2022_kr",
    "iso8859_1",
    "iso8859_10",
    "iso8859_11",
    "iso8859_13",
    "iso8859_14",
    "iso8859_15",
    "iso8859_16",
    "iso8859_2",
    "iso8859_3",
    "iso8859_4",
    "iso8859_5",
    "iso8859_6",
    "iso8859_7",
    "iso8859_8",
    "iso8859_9",
    "johab",
    "koi8_r",
    "koi8_t",
    "koi8_u",
    "kz1048",
    "latin_1",
    "mac_arabic",
    "mac_croatian",
    "mac_cyrillic",
    "mac_farsi",
    "mac_greek",
    "mac_iceland",
    "mac_latin2",
    "mac_roman",
    "mac_romanian",
    "mac_turkish",
    "mbcs",
    "oem",
    "palmos",
    "ptcp154",
    "punycode",
    "quopri_codec",
    "raw_unicode_escape",
    "rot_13",
    "shift_jis",
    "shift_jis_2004",
    "shift_jisx0213",
    "tis_620",
    "undefined",
    "unicode_escape",
    "utf_16",
    "utf_16_be",
    "utf_16_le",
    "utf_32",
    "utf_32_be",
    "utf_32_le",
    "utf_7",
    "utf_8",
    "utf_8_sig",
    "uu_codec",
    "zlib_codec",
];
